-- survey
insert into Survey (SurveyId, shortName, name, Description) values(1, "URE Experience", "Undergratuate Research Experience Survey", "This survey asks you to share your undergraduate research experience. As a result of you taking this survey, we will try to recommend a variety of possible jobs and careers.");
insert into Survey (SurveyId, shortName, name, Description) values(2, "Work Experience", "Work Experience Survey", "This survey asks you to share your work experience.");

-- user
insert into User (UserId, name, Email) values(0, "anonymous","");
insert into User (UserId, name, Email) values(1, "Morgan Has","MHas366@icloud.com");
insert into User (UserId, name, Email) values(2, "Oscar Loson","OLoson560@yahoo.com");
insert into User (UserId, name, Email) values(3, "Sydney Leasure","SLeasure615@hotmail.com");
insert into User (UserId, name, Email) values(4, "Octavio Talsma","OTalsma32@yahoo.com");
insert into User (UserId, name, Email) values(5, "Vern Bosley","VBosley84@yahoo.com");
insert into User (UserId, name, Email) values(6, "Monte Wendlandt","MWendlandt412@msn.com");
insert into User (UserId, name, Email) values(7, "Bethanie Tankson","BTankson35@icloud.com");
insert into User (UserId, name, Email) values(8, "Chris Hapeman","CHapeman182@yahoo.com");
insert into User (UserId, name, Email) values(9, "Andrew Mesia","AMesia23@hotmail.com");
insert into User (UserId, name, Email) values(10, "Reginald Spiva","RSpiva579@icloud.com");
insert into User (UserId, name, Email) values(11, "Lajuana Battenhouse","LBattenhouse794@icloud.com");
insert into User (UserId, name, Email) values(12, "Lin Isreal","LIsreal918@icloud.com");
insert into User (UserId, name, Email) values(13, "Wilber Gavette","WGavette477@yahoo.com");
insert into User (UserId, name, Email) values(14, "Andreas Wiechert","AWiechert153@icloud.com");
insert into User (UserId, name, Email) values(15, "Michel Seabrook","MSeabrook945@icloud.com");
insert into User (UserId, name, Email) values(16, "Tamisha Melgar","TMelgar570@msn.com");
insert into User (UserId, name, Email) values(17, "Maurice Dalbeck","MDalbeck773@yahoo.com");
insert into User (UserId, name, Email) values(18, "Suanne Phaymany","SPhaymany50@yahoo.com");
insert into User (UserId, name, Email) values(19, "Dean Zimbelman","DZimbelman148@hotmail.com");
insert into User (UserId, name, Email) values(20, "Salome Lawhead","SLawhead118@gmail.com");
insert into User (UserId, name, Email) values(21, "Arvilla Mcclurg","AMcclurg955@hotmail.com");
insert into User (UserId, name, Email) values(22, "Shery Snyder","SSnyder946@yahoo.com");
insert into User (UserId, name, Email) values(23, "Jong Underkofler","JUnderkofler587@hotmail.com");
insert into User (UserId, name, Email) values(24, "Michel Aderhold","MAderhold29@yahoo.com");
insert into User (UserId, name, Email) values(25, "Armando Eichman","AEichman151@msn.com");

-- profile char

-- insert into ProfileChars (Id, dimension, characteristics, descrp) values(, "", "", "");
insert into ProfileChars (Id, dimension, characteristics, descrp) values(1, "Task Characteristics", "Work Scheduling Autonomy", "Work scheduling autonomy means that you are able to determine when, and the order in which, you complete your work tasks without having to check in with a supervisor or coworkers. ");
insert into ProfileChars (Id, dimension, characteristics, descrp) values(2, "Task Characteristics", "Decision Making Autonomy", "Decision making autonomy means that you are able to make decisions about various aspects of your work without having to check in with a supervisor or coworkers. ");
insert into ProfileChars (Id, dimension, characteristics, descrp) values(3, "Task Characteristics", "Work Methods Autonomy", "Work methods autonomy means that you are able to choose the approach and methods you use for your work without having to check in with a supervisor or coworker.  ");
insert into ProfileChars (Id, dimension, characteristics, descrp) values(4, "Task Characteristics", "Task Variety", "Task variety means that the work you do involves a lot of different kinds tasks and activities, with relatively little time spent doing the same things over and over.");
insert into ProfileChars (Id, dimension, characteristics, descrp) values(5, "Task Characteristics", "Task Significance", "Task significance means that the work that you do has – or can have – an important direct or indirect impact on the lives of other people. ");
insert into ProfileChars (Id, dimension, characteristics, descrp) values(6, "Task Characteristics", "Task Identity", "Task identity means that your work has an identifiable stating point, and ending point, so you know when you’ve ‘finished’ something. ");
insert into ProfileChars (Id, dimension, characteristics, descrp) values(7, "Task Characteristics", "Feedback from Job", "Feedback from the job means that your work provides you with clear information relating to the quality and quantity of your job performance.  ");
insert into ProfileChars (Id, dimension, characteristics, descrp) values(8, "Knowledge Characteristics", "Job Complexity", "Job complexity means that your job requires you to work on multiple, often complicated, tasks simultaneously.  ");
insert into ProfileChars (Id, dimension, characteristics, descrp) values(9, "Knowledge Characteristics", "Information Processing", "Information processing means that your job requires you to keep track of and analyze a large amount of information in order to complete your work. ");
insert into ProfileChars (Id, dimension, characteristics, descrp) values(10, "Knowledge Characteristics", "Problem Solving", "Problem solving means that your job requires you be creative in finding solutions to problems with no conspicuous or obvious answer. ");
insert into ProfileChars (Id, dimension, characteristics, descrp) values(11, "Knowledge Characteristics", "Skill Variety", "Skill variety means that your job requires you to use a range of different or high-level skills to complete your work tasks. ");
insert into ProfileChars (Id, dimension, characteristics, descrp) values(12, "Knowledge Characteristics", "Specialization", "Specialization means that your job requires you to have well-developed knowledge, and a focused set of skills, in order to complete your work.");
insert into ProfileChars (Id, dimension, characteristics, descrp) values(13, "Social characteristics", "Social Support", "Social support means that your job provides you with the opportunity to develop meaningful personal connections with your coworkers.");
insert into ProfileChars (Id, dimension, characteristics, descrp) values(14, "Social characteristics", "Initiated Interdependence ", "Initiated interdependence means that for others to complete their work, including coworkers, depends on you getting your work done first.");
insert into ProfileChars (Id, dimension, characteristics, descrp) values(15, "Social characteristics", "Received Interdependence", "Received interdependence means that in order for you to complete your work that others, including coworkers, must complete their work first. ");
insert into ProfileChars (Id, dimension, characteristics, descrp) values(16, "Social characteristics", "Interaction Outside Research Group", " Interaction outside the research group means that your job requires you to have frequent interactions and communication with people outside of your team or group in order to complete your work.  ");
insert into ProfileChars (Id, dimension, characteristics, descrp) values(17, "Social characteristics", "Feedback from Others", " Feedback from others means that, while on the job, coworkers and supervisors provide you with useful information about your work performance.");
insert into ProfileChars (Id, dimension, characteristics, descrp) values(18, "Social characteristics", "*Faculty/project leader feedback", "Faculty/project leader feedback means that, while on the job, your faculty/project leader provides you with useful information about your work performance. ");
insert into ProfileChars (Id, dimension, characteristics, descrp) values(19, "Social characteristics", "*Peer Feedback", " Peer feedback means that, while on the job, your peers provide you with useful information about your work performance.");
insert into ProfileChars (Id, dimension, characteristics, descrp) values(20, "Work Context", "Ergonomics", "Ergonomics means that the physical configuration of your work space is generally comfortable, can accommodate a range of different body types, and doesn’t contribute to physical strain or discomfort.");
insert into ProfileChars (Id, dimension, characteristics, descrp) values(21, "Work Context", "Physical Demands", "Physical demands means that, while on the job, a great deal of physical effort is necessary to complete your work tasks.   ");
insert into ProfileChars (Id, dimension, characteristics, descrp) values(22, "Work Context", "Work Conditions", "Work conditions means that the physical setting where you do your job tasks is generally free from uncomfortable or dangerous conditions.");
insert into ProfileChars (Id, dimension, characteristics, descrp) values(23, "Work Context", "Equipment Use", " Equipment use means that, while on the job, your work requires you to use a number of different kinds of equipment to complete your work tasks. ");
insert into ProfileChars (Id, dimension, characteristics, descrp) values(24, "Work Context", "**Setting", "Work setting can vary in regards to how time is spent between the laboratory (working with reagents and equipment), computers (working with files), fieldwork (collecting samples or making observations in the natural environment) and working with people (teaching, sales, management work).");


-- questions
insert into Questions (Survey, QuestionId, question, qtype, profChar) values(1, 1, "What is the primary discipline of your research?", 0, "");
insert into Questions (Survey, QuestionId, question, qtype, profChar) values(1, 2, "How many undergraduate students, including yourself, are/were in your research group at the time of your participation?", 0, "");
insert into Questions (Survey, QuestionId, question, qtype, profChar) values(1, 3, "How many people in total were in your research group?", 0, "");
insert into Questions (Survey, QuestionId, question, qtype, profChar) values(1, 4, "Who was primarily responsible for mentoring and expert advice related to your research?", 0, "");
insert into Questions (Survey, QuestionId, question, qtype, profChar) values(1, 5, "What was the primary setting for your research?", 0, "");
insert into Questions (Survey, QuestionId, question, qtype, profChar) values(1, 6, "Approximately how was your research time distributed between settings?", 0, "");
insert into Questions (Survey, QuestionId, question, qtype, profChar) values(1, 7, "How many hours per week did you work on research-related activities in your most recent research experience?", 0, "");
insert into Questions (Survey, QuestionId, question, qtype, profChar) values(1, 8, "During the same time period, how many hours per week did you devote to extracurricular activities (such as clubs, volunteering, sports, music or theater, other hobbies)?", 0, "");
insert into Questions (Survey, QuestionId, question, qtype, profChar) values(1, 9, "During the same time period, how many hours per week did you work in a paid job unrelated to your research (on campus or off campus).", 0, "");
insert into Questions (Survey, QuestionId, question, qtype, profChar) values(1, 10, "During the same time period, how many hours per week did you devote to other commitments or obligations that were not listed above? (e.g. caring for family members, unpaid work in a family business).", 0, "");
insert into Questions (Survey, QuestionId, question, qtype, profChar) values(1, 11, " During the same time period, what was your status in terms of academic courses or units?", 0, "");
insert into Questions (Survey, QuestionId, question, qtype, profChar) values(1, 12, "The research position allows me to make my own decisions about how to schedule my work.", 1, "work scheduling autonomy");
insert into Questions (Survey, QuestionId, question, qtype, profChar) values(1, 13, "The research position allows me to decide on the order in which things are done.", 1, "work scheduling autonomy");
insert into Questions (Survey, QuestionId, question, qtype, profChar) values(1, 14, "The research position allows me to plan how I do my work.", 1, "work scheduling autonomy");
insert into Questions (Survey, QuestionId, question, qtype, profChar) values(1, 15, "The research position gives me a chance to use my personal initiative or judgment in carrying out the work.", 1, "decision making autonomy");
insert into Questions (Survey, QuestionId, question, qtype, profChar) values(1, 16, "The research position allows me to make a lot of decisions on my own.", 1, "decision making autonomy");
insert into Questions (Survey, QuestionId, question, qtype, profChar) values(1, 17, "The research position provides me with significant autonomy in making decisions.", 1, "decision making autonomy");
insert into Questions (Survey, QuestionId, question, qtype, profChar) values(1, 18, "The research position allows me to make decisions about what methods I use to complete my work.", 1, "work methods autonomy");
insert into Questions (Survey, QuestionId, question, qtype, profChar) values(1, 19, "The research position gives me considerable opportunity for independence and freedom in how I do the work.", 1, "work methods autonomy");
insert into Questions (Survey, QuestionId, question, qtype, profChar) values(1, 20, "The research position allows me to decide on my own how to go about doing my work.", 1, "work methods autonomy");
insert into Questions (Survey, QuestionId, question, qtype, profChar) values(1, 21, "The research position involves a great deal of task variety.", 1, "task variety");
insert into Questions (Survey, QuestionId, question, qtype, profChar) values(1, 22, "The research position involves doing a number of different things.", 1, "task variety");
insert into Questions (Survey, QuestionId, question, qtype, profChar) values(1, 23, "The research position requires the performance of a wide range of tasks.", 1, "task variety");
insert into Questions (Survey, QuestionId, question, qtype, profChar) values(1, 24, "The research position involves performing a variety of tasks.", 1, "task variety");
insert into Questions (Survey, QuestionId, question, qtype, profChar) values(1, 25, "The results of my work are likely to significantly affect the lives of other people.", 1, "task significance");
insert into Questions (Survey, QuestionId, question, qtype, profChar) values(1, 26, "The research position itself is very significant and important in the broader scheme of things.", 1, "task significance");
insert into Questions (Survey, QuestionId, question, qtype, profChar) values(1, 27, "The research position has a large impact on people outside the organization.", 1, "task significance");
insert into Questions (Survey, QuestionId, question, qtype, profChar) values(1, 28, "The work performed in the research position has a significant impact on people outside my research group.", 1, "task significance");
insert into Questions (Survey, QuestionId, question, qtype, profChar) values(1, 29, "The research position involves completing a piece of work that has an obvious beginning and end.", 1, "task identity");
insert into Questions (Survey, QuestionId, question, qtype, profChar) values(1, 30, "The research position is arranged so that I can do an entire piece of work from beginning to end.", 1, "task identity");
insert into Questions (Survey, QuestionId, question, qtype, profChar) values(1, 31, "The research position provides me the chance to completely finish the pieces of work I begin.", 1, "task identity");
insert into Questions (Survey, QuestionId, question, qtype, profChar) values(1, 32, "The research position allows me to complete work I start.", 1, "task identity");
insert into Questions (Survey, QuestionId, question, qtype, profChar) values(1, 33, "The work activities themselves provide direct and clear information about the effectiveness (e.g., quality and quantity) of my performance.", 1, "feedback from job");
insert into Questions (Survey, QuestionId, question, qtype, profChar) values(1, 34, "The research position itself provides feedback on my performance.", 1, "feedback from job");
insert into Questions (Survey, QuestionId, question, qtype, profChar) values(1, 35, "The research position itself provides me with information about my performance.", 1, "feedback from job");
insert into Questions (Survey, QuestionId, question, qtype, profChar) values(1, 36, "The research position requires that I only do one task or activity at a time.", 1, "job complexity");
insert into Questions (Survey, QuestionId, question, qtype, profChar) values(1, 37, "The tasks of the research position are simple and uncomplicated.", 1, "job complexity");
insert into Questions (Survey, QuestionId, question, qtype, profChar) values(1, 38, "The research position comprises relatively uncomplicated tasks.", 1, "job complexity");
insert into Questions (Survey, QuestionId, question, qtype, profChar) values(1, 39, "The research position involves performing relatively simple tasks.", 1, "job complexity");
insert into Questions (Survey, QuestionId, question, qtype, profChar) values(1, 40, "The research position requires me to monitor a great deal of information.", 1, "information processing");
insert into Questions (Survey, QuestionId, question, qtype, profChar) values(1, 41, "The research position requires that I engage in a large amount of thinking.", 1, "information processing");
insert into Questions (Survey, QuestionId, question, qtype, profChar) values(1, 42, "The research position requires me to keep track of more than one thing at a time.", 1, "information processing");
insert into Questions (Survey, QuestionId, question, qtype, profChar) values(1, 43, "The research position requires me to analyze a lot of information.", 1, "information processing");
insert into Questions (Survey, QuestionId, question, qtype, profChar) values(1, 44, "The research position involves solving problems that have no obvious correct answer.", 1, "problem solving");
insert into Questions (Survey, QuestionId, question, qtype, profChar) values(1, 45, "The research position requires me to be creative.", 1, "problem solving");
insert into Questions (Survey, QuestionId, question, qtype, profChar) values(1, 46, "The research position often involves dealing with problems that I have not met before.", 1, "problem solving");
insert into Questions (Survey, QuestionId, question, qtype, profChar) values(1, 47, "The research position requires unique ideas or solutions to problems.", 1, "problem solving");
insert into Questions (Survey, QuestionId, question, qtype, profChar) values(1, 48, "The research position requires a variety of skills.", 1, "skill variety");
insert into Questions (Survey, QuestionId, question, qtype, profChar) values(1, 49, "The research position requires me to utilize a variety of different skills in order to complete the work.", 1, "skill variety");
insert into Questions (Survey, QuestionId, question, qtype, profChar) values(1, 50, "The research position requires me to use a number of complex or high-level skills.", 1, "skill variety");
insert into Questions (Survey, QuestionId, question, qtype, profChar) values(1, 51, "The research position requires the use of a number of skills.", 1, "skill variety");
insert into Questions (Survey, QuestionId, question, qtype, profChar) values(1, 52, "The research position is highly specialized in terms of purpose, tasks, or activities.", 1, "specialization");
insert into Questions (Survey, QuestionId, question, qtype, profChar) values(1, 53, "The tools, procedures, materials, and so forth used in this research position are highly specialized in terms of purpose.", 1, "specialization");
insert into Questions (Survey, QuestionId, question, qtype, profChar) values(1, 54, "The research position requires very specialized knowledge and skills.", 1, "specialization");
insert into Questions (Survey, QuestionId, question, qtype, profChar) values(1, 55, "The research position requires a depth of knowledge and expertise.", 1, "specialization");
insert into Questions (Survey, QuestionId, question, qtype, profChar) values(1, 56, "I have the opportunity to develop close friendships in this research position.", 1, "social support");
insert into Questions (Survey, QuestionId, question, qtype, profChar) values(1, 57, "I have the chance in this research position to get to know other people.", 1, "social support");
insert into Questions (Survey, QuestionId, question, qtype, profChar) values(1, 58, "I have the opportunity to meet with others in this research position.", 1, "social support");
insert into Questions (Survey, QuestionId, question, qtype, profChar) values(1, 59, "My group leader is concerned about the welfare of the people in the research group.", 1, "social support");
insert into Questions (Survey, QuestionId, question, qtype, profChar) values(1, 60, "People I work with take a personal interest in me.", 1, "social support");
insert into Questions (Survey, QuestionId, question, qtype, profChar) values(1, 61, "People I work with are friendly.", 1, "social support");
insert into Questions (Survey, QuestionId, question, qtype, profChar) values(1, 62, "The research position requires me to accomplish my work before others complete their work.", 1, "initiated interdependence");
insert into Questions (Survey, QuestionId, question, qtype, profChar) values(1, 63, "Other jobs depend directly on my job.", 1, "initiated interdepenence");
insert into Questions (Survey, QuestionId, question, qtype, profChar) values(1, 64, "Unless my job gets done, other jobs cannot be completed.", 1, "initiated interdependence");
insert into Questions (Survey, QuestionId, question, qtype, profChar) values(1, 65, "My research activities are greatly affected by the work of other people.", 1, "received interdependence");
insert into Questions (Survey, QuestionId, question, qtype, profChar) values(1, 66, "The research project depends on the work of many different people for its completion.", 1, "received interdependence");
insert into Questions (Survey, QuestionId, question, qtype, profChar) values(1, 67, "My work cannot be done unless others do their work.", 1, "received interdependence");
insert into Questions (Survey, QuestionId, question, qtype, profChar) values(1, 68, "The research position requires spending a great deal of time with people outside my research group.", 1, "interaction outside research group");
insert into Questions (Survey, QuestionId, question, qtype, profChar) values(1, 69, "The research position involves interaction with people who are not members of my research group.", 1, "interaction outside research group");
insert into Questions (Survey, QuestionId, question, qtype, profChar) values(1, 70, "In this research position, I frequently communicate with people who do not work in the same research group as I do.", 1, "interaction outside research group");
insert into Questions (Survey, QuestionId, question, qtype, profChar) values(1, 71, "The research position involves a great deal of interaction with people outside my research group.", 1, "interaction outside research group");
insert into Questions (Survey, QuestionId, question, qtype, profChar) values(1, 72, "I receive a great deal of information from my project leader and peers about my work performance.", 1, "feedback from others");
insert into Questions (Survey, QuestionId, question, qtype, profChar) values(1, 73, "Other people in the research group, such as group leader and peers, provide information about the effectiveness (e.g., quality and quantity) of my work performance.", 1, "feedback from others");
insert into Questions (Survey, QuestionId, question, qtype, profChar) values(1, 74, "I receive feedback on my performance from other people in my group (such as my project leader or peers).", 1, "feedback from others");
insert into Questions (Survey, QuestionId, question, qtype, profChar) values(1, 75, "I receive a great deal of information from my group leader about my work performance.", 1, "faculty/project leader feedback");
insert into Questions (Survey, QuestionId, question, qtype, profChar) values(1, 76, "My group leader provides information about the effectiveness (e.g., quality and quantity) of my work performance.", 1, "faculty/projecdt leader feedback");
insert into Questions (Survey, QuestionId, question, qtype, profChar) values(1, 77, "I receive feedback on my performance from my group leader.", 1, "faculty/project leader feedback");
insert into Questions (Survey, QuestionId, question, qtype, profChar) values(1, 78, "I receive a great deal of information from other students in my group about my work performance.", 1, "peer feedback");
insert into Questions (Survey, QuestionId, question, qtype, profChar) values(1, 79, "Other students in the research group provide information about the effectiveness (e.g., quality and quantity) of my work performance.", 1, "peer feedback");
insert into Questions (Survey, QuestionId, question, qtype, profChar) values(1, 80, "I receive feedback on my performance from other students in my group.", 1, "peer feedback");
insert into Questions (Survey, QuestionId, question, qtype, profChar) values(1, 81, "The seating arrangements in my research space are adequate (e.g., ample opportunities to sit, comfortable chairs, good postural support).", 1, "ergonomics");
insert into Questions (Survey, QuestionId, question, qtype, profChar) values(1, 82, "The research space allows for all size differences between people in terms of clearance, reach, eye height, legroom, etc.", 1, "ergonomics");
insert into Questions (Survey, QuestionId, question, qtype, profChar) values(1, 83, "The research position involves excessive reaching.", 1, "ergonomics");
insert into Questions (Survey, QuestionId, question, qtype, profChar) values(1, 84, "The research position requires a great deal of muscular endurance.", 1, "physical demands");
insert into Questions (Survey, QuestionId, question, qtype, profChar) values(1, 85, "The research position requires a great deal of muscular strength.", 1, "physical demands");
insert into Questions (Survey, QuestionId, question, qtype, profChar) values(1, 86, "The research position requires a lot of physical effort.", 1, "physical demands");
insert into Questions (Survey, QuestionId, question, qtype, profChar) values(1, 87, "The research space is free from excessive noise.", 1, "work conditions");
insert into Questions (Survey, QuestionId, question, qtype, profChar) values(1, 88, "The climate in the research space is comfortable in terms of temperature and humidity.", 1, "work conditions");
insert into Questions (Survey, QuestionId, question, qtype, profChar) values(1, 89, "The research position has a low risk of accident.", 1, "work conditions");
insert into Questions (Survey, QuestionId, question, qtype, profChar) values(1, 90, "The research position takes place in an environment free from health hazards (e.g., chemicals, fumes, etc.).", 1, "work conditions");
insert into Questions (Survey, QuestionId, question, qtype, profChar) values(1, 91, "The research position occurs in a clean environment.", 1, "work conditions");
insert into Questions (Survey, QuestionId, question, qtype, profChar) values(1, 92, "The research position involves the use of a variety of different equipment.", 1, "equipment use");
insert into Questions (Survey, QuestionId, question, qtype, profChar) values(1, 93, "The research position involves the use of complex equipment or technology.", 1, "equipment use");
insert into Questions (Survey, QuestionId, question, qtype, profChar) values(1, 94, "A lot of time was required to learn the equipment used in the research position.", 1, "equipment use");
insert into Questions (Survey, QuestionId, question, qtype, profChar) values(2, 1, "What type of organization do you work in?", 0, "");
insert into Questions (Survey, QuestionId, question, qtype, profChar) values(2, 2, "Which of degrees did you earn and what year did you earn them in (fill all that apply)", 0, "");
insert into Questions (Survey, QuestionId, question, qtype, profChar) values(2, 3, "In which year did you work at the position for which you are answering the survey?", 0, "");
insert into Questions (Survey, QuestionId, question, qtype, profChar) values(2, 4, "How do you spend your time in this job (fieldwork)?", 0, "");
insert into Questions (Survey, QuestionId, question, qtype, profChar) values(, 5, "How do you spend your time in this job (lab work)?", 0, "");
insert into Questions (Survey, QuestionId, question, qtype, profChar) values(, 6, "How do you spend your time in this job (computer work)?", 0, "");
insert into Questions (Survey, QuestionId, question, qtype, profChar) values(2, 7, "The job allows me to make my own decisions about how to schedule my work.", 1, "work scheduling autonomy");
insert into Questions (Survey, QuestionId, question, qtype, profChar) values(2, 8, "The job allows me to decide on the order in which things are done.", 1, "work scheduling autonomy");
insert into Questions (Survey, QuestionId, question, qtype, profChar) values(2, 9, "The job allows me to plan how I do my work.", 1, "work scheduling autonomy");
insert into Questions (Survey, QuestionId, question, qtype, profChar) values(2, 10, "The job gives me a chance to use my personal initiative or judgment in carrying out the work.", 1, "decision making autonomy");
insert into Questions (Survey, QuestionId, question, qtype, profChar) values(2, 11, "The job allows me to make a lot of decisions on my own.", 1, "decision making autonomy");
insert into Questions (Survey, QuestionId, question, qtype, profChar) values(2, 12, "The job provides me with significant autonomy in making decisions.", 1, "decision making autonomy");
insert into Questions (Survey, QuestionId, question, qtype, profChar) values(2, 13, "The job allows me to make decisions about what methods I use to complete my work.", 1, "work methods autonomy");
insert into Questions (Survey, QuestionId, question, qtype, profChar) values(2, 14, "The job gives me considerable opportunity for independence and freedom in how I do the work.", 1, "work methods autonomy");
insert into Questions (Survey, QuestionId, question, qtype, profChar) values(2, 15, "The job allows me to decide on my own how to go about doing my work.", 1, "work methods autonomy");
insert into Questions (Survey, QuestionId, question, qtype, profChar) values(2, 16, "The job involves a great deal of task variety.", 1, "task variety");
insert into Questions (Survey, QuestionId, question, qtype, profChar) values(2, 17, "The job involves doing a number of different things.", 1, "task variety");
insert into Questions (Survey, QuestionId, question, qtype, profChar) values(2, 18, "The job requires the performance of a wide range of tasks.", 1, "task variety");
insert into Questions (Survey, QuestionId, question, qtype, profChar) values(2, 19, "The job involves performing a variety of tasks.", 1, "task variety");
insert into Questions (Survey, QuestionId, question, qtype, profChar) values(2, 20, "The results of my work are likely to significantly affect the lives of other people.", 1, "task significance");
insert into Questions (Survey, QuestionId, question, qtype, profChar) values(2, 21, "The job itself is very significant and important in the broader scheme of things.", 1, "task significance");
insert into Questions (Survey, QuestionId, question, qtype, profChar) values(2, 22, "The job has a large impact on people outside the organization.", 1, "task significance");
insert into Questions (Survey, QuestionId, question, qtype, profChar) values(2, 23, "The work performed in the job has a significant impact on people outside my research group.", 1, "task significance");
insert into Questions (Survey, QuestionId, question, qtype, profChar) values(2, 24, "The job involves completing a piece of work that has an obvious beginning and end.", 1, "task identity");
insert into Questions (Survey, QuestionId, question, qtype, profChar) values(2, 25, "The job is arranged so that I can do an entire piece of work from beginning to end.", 1, "task identity");
insert into Questions (Survey, QuestionId, question, qtype, profChar) values(2, 26, "The job provides me the chance to completely finish the pieces of work I begin.", 1, "task identity");
insert into Questions (Survey, QuestionId, question, qtype, profChar) values(2, 27, "The job allows me to complete work I start.", 1, "task identity");
insert into Questions (Survey, QuestionId, question, qtype, profChar) values(2, 28, "The work activities themselves provide direct and clear information about the effectiveness (e.g., quality and quantity) of my performance.", 1, "feedback from job");
insert into Questions (Survey, QuestionId, question, qtype, profChar) values(2, 29, "The job itself provides feedback on my performance.", 1, "feedback from job");
insert into Questions (Survey, QuestionId, question, qtype, profChar) values(2, 30, "The job itself provides me with information about my performance.", 1, "feedback from job");
insert into Questions (Survey, QuestionId, question, qtype, profChar) values(2, 31, "The job requires that I only do one task or activity at a time.", 1, "job complexity");
insert into Questions (Survey, QuestionId, question, qtype, profChar) values(2, 32, "The tasks of the job are simple and uncomplicated.", 1, "job complexity");
insert into Questions (Survey, QuestionId, question, qtype, profChar) values(2, 33, "The job comprises relatively uncomplicated tasks.", 1, "job complexity");
insert into Questions (Survey, QuestionId, question, qtype, profChar) values(2, 34, "The job involves performing relatively simple tasks.", 1, "job complexity");
insert into Questions (Survey, QuestionId, question, qtype, profChar) values(2, 35, "The job requires me to monitor a great deal of information.", 1, "information processing");
insert into Questions (Survey, QuestionId, question, qtype, profChar) values(2, 36, "The job requires that I engage in a large amount of thinking.", 1, "information processing");
insert into Questions (Survey, QuestionId, question, qtype, profChar) values(2, 37, "The job requires me to keep track of more than one thing at a time.", 1, "information processing");
insert into Questions (Survey, QuestionId, question, qtype, profChar) values(2, 38, "The job requires me to analyze a lot of information.", 1, "information processing");
insert into Questions (Survey, QuestionId, question, qtype, profChar) values(2, 39, "The job involves solving problems that have no obvious correct answer.", 1, "problem solving");
insert into Questions (Survey, QuestionId, question, qtype, profChar) values(2, 40, "The job requires me to be creative.", 1, "problem solving");
insert into Questions (Survey, QuestionId, question, qtype, profChar) values(2, 41, "The job often involves dealing with problems that I have not met before.", 1, "problem solving");
insert into Questions (Survey, QuestionId, question, qtype, profChar) values(2, 42, "The job requires unique ideas or solutions to problems.", 1, "problem solving");
insert into Questions (Survey, QuestionId, question, qtype, profChar) values(2, 43, "The job requires a variety of skills.", 1, "skill variety");
insert into Questions (Survey, QuestionId, question, qtype, profChar) values(2, 44, "The job requires me to utilize a variety of different skills in order to complete the work.", 1, "skill variety");
insert into Questions (Survey, QuestionId, question, qtype, profChar) values(2, 45, "The job requires me to use a number of complex or high-level skills.", 1, "skill variety");
insert into Questions (Survey, QuestionId, question, qtype, profChar) values(2, 46, "The job requires the use of a number of skills.", 1, "skill variety");
insert into Questions (Survey, QuestionId, question, qtype, profChar) values(2, 47, "The job is highly specialized in terms of purpose, tasks, or activities.", 1, "specialization");
insert into Questions (Survey, QuestionId, question, qtype, profChar) values(2, 48, "The tools, procedures, materials, and so forth used in this job are highly specialized in terms of purpose.", 1, "specialization");
insert into Questions (Survey, QuestionId, question, qtype, profChar) values(2, 49, "The job requires very specialized knowledge and skills.", 1, "specialization");
insert into Questions (Survey, QuestionId, question, qtype, profChar) values(2, 50, "The job requires a depth of knowledge and expertise.", 1, "specialization");
insert into Questions (Survey, QuestionId, question, qtype, profChar) values(2, 51, "I have the opportunity to develop close friendships in this job.", 1, "social support");
insert into Questions (Survey, QuestionId, question, qtype, profChar) values(2, 52, "I have the chance in this job to get to know other people.", 1, "social support");
insert into Questions (Survey, QuestionId, question, qtype, profChar) values(2, 53, "I have the opportunity to meet with others in this job.", 1, "social support");
insert into Questions (Survey, QuestionId, question, qtype, profChar) values(2, 54, "My group leader is concerned about the welfare of the people in the research group.", 1, "social support");
insert into Questions (Survey, QuestionId, question, qtype, profChar) values(2, 55, "People I work with take a personal interest in me.", 1, "social support");
insert into Questions (Survey, QuestionId, question, qtype, profChar) values(2, 56, "People I work with are friendly.", 1, "social support");
insert into Questions (Survey, QuestionId, question, qtype, profChar) values(2, 57, "The job requires me to accomplish my work before others complete their work.", 1, "initiated interdependence");
insert into Questions (Survey, QuestionId, question, qtype, profChar) values(2, 58, "Other jobs depend directly on my job.", 1, "initiated interdepenence");
insert into Questions (Survey, QuestionId, question, qtype, profChar) values(2, 59, "Unless my job gets done, other jobs cannot be completed.", 1, "initiated interdependence");
insert into Questions (Survey, QuestionId, question, qtype, profChar) values(2, 60, "My research activities are greatly affected by the work of other people.", 1, "received interdependence");
insert into Questions (Survey, QuestionId, question, qtype, profChar) values(2, 61, "The research project depends on the work of many different people for its completion.", 1, "received interdependence");
insert into Questions (Survey, QuestionId, question, qtype, profChar) values(2, 62, "My work cannot be done unless others do their work.", 1, "received interdependence");
insert into Questions (Survey, QuestionId, question, qtype, profChar) values(2, 63, "The job requires spending a great deal of time with people outside my research group.", 1, "interaction outside research group");
insert into Questions (Survey, QuestionId, question, qtype, profChar) values(2, 64, "The job involves interaction with people who are not members of my research group.", 1, "interaction outside research group");
insert into Questions (Survey, QuestionId, question, qtype, profChar) values(2, 65, "In this job, I frequently communicate with people who do not work in the same research group as I do.", 1, "interaction outside research group");
insert into Questions (Survey, QuestionId, question, qtype, profChar) values(2, 66, "The job involves a great deal of interaction with people outside my research group.", 1, "interaction outside research group");
insert into Questions (Survey, QuestionId, question, qtype, profChar) values(2, 67, "I receive a great deal of information from my project leader and peers about my work performance.", 1, "feedback from others");
insert into Questions (Survey, QuestionId, question, qtype, profChar) values(2, 68, "Other people in the research group, such as group leader and peers, provide information about the effectiveness (e.g., quality and quantity) of my work performance.", 1, "feedback from others");
insert into Questions (Survey, QuestionId, question, qtype, profChar) values(2, 69, "I receive feedback on my performance from other people in my group (such as my project leader or peers).", 1, "feedback from others");
insert into Questions (Survey, QuestionId, question, qtype, profChar) values(2, 70, "I receive a great deal of information from my group leader about my work performance.", 1, "faculty/project leader feedback");
insert into Questions (Survey, QuestionId, question, qtype, profChar) values(2, 71, "My group leader provides information about the effectiveness (e.g., quality and quantity) of my work performance.", 1, "faculty/projecdt leader feedback");
insert into Questions (Survey, QuestionId, question, qtype, profChar) values(2, 72, "I receive feedback on my performance from my group leader.", 1, "faculty/project leader feedback");
insert into Questions (Survey, QuestionId, question, qtype, profChar) values(2, 73, "I receive a great deal of information from other students in my group about my work performance.", 1, "peer feedback");
insert into Questions (Survey, QuestionId, question, qtype, profChar) values(2, 74, "Other students in the research group provide information about the effectiveness (e.g., quality and quantity) of my work performance.", 1, "peer feedback");
insert into Questions (Survey, QuestionId, question, qtype, profChar) values(2, 75, "I receive feedback on my performance from other students in my group.", 1, "peer feedback");
insert into Questions (Survey, QuestionId, question, qtype, profChar) values(2, 76, "The seating arrangements in my research space are adequate (e.g., ample opportunities to sit, comfortable chairs, good postural support).", 1, "ergonomics");
insert into Questions (Survey, QuestionId, question, qtype, profChar) values(2, 77, "The research space allows for all size differences between people in terms of clearance, reach, eye height, legroom, etc.", 1, "ergonomics");
insert into Questions (Survey, QuestionId, question, qtype, profChar) values(2, 78, "The job involves excessive reaching.", 1, "ergonomics");
insert into Questions (Survey, QuestionId, question, qtype, profChar) values(2, 79, "The job requires a great deal of muscular endurance.", 1, "physical demands");
insert into Questions (Survey, QuestionId, question, qtype, profChar) values(2, 80, "The job requires a great deal of muscular strength.", 1, "physical demands");
insert into Questions (Survey, QuestionId, question, qtype, profChar) values(2, 81, "The job requires a lot of physical effort.", 1, "physical demands");
insert into Questions (Survey, QuestionId, question, qtype, profChar) values(2, 82, "The research space is free from excessive noise.", 1, "work conditions");
insert into Questions (Survey, QuestionId, question, qtype, profChar) values(2, 83, "The climate in the research space is comfortable in terms of temperature and humidity.", 1, "work conditions");
insert into Questions (Survey, QuestionId, question, qtype, profChar) values(2, 84, "The job has a low risk of accident.", 1, "work conditions");
insert into Questions (Survey, QuestionId, question, qtype, profChar) values(2, 85, "The job takes place in an environment free from health hazards (e.g., chemicals, fumes, etc.).", 1, "work conditions");
insert into Questions (Survey, QuestionId, question, qtype, profChar) values(2, 86, "The job occurs in a clean environment.", 1, "work conditions");
insert into Questions (Survey, QuestionId, question, qtype, profChar) values(2, 87, "The job involves the use of a variety of different equipment.", 1, "equipment use");
insert into Questions (Survey, QuestionId, question, qtype, profChar) values(2, 88, "The job involves the use of complex equipment or technology.", 1, "equipment use");
insert into Questions (Survey, QuestionId, question, qtype, profChar) values(2, 89, "A lot of time was required to learn the equipment used in the job.", 1, "equipment use");


-- possible responses
-- insert into Possibilities (qtype, QuestionNo, ResponseID, TextPrompt) values();

insert into Possibilities (qtype, survey, QuestionNo, ResponseID, TextPrompt) values(1, 1, 0, 1, "1 - strongly disagree ");
insert into Possibilities (qtype, survey, QuestionNo, ResponseID, TextPrompt) values(1, 1, 0, 2, "2- disagree");
insert into Possibilities (qtype, survey, QuestionNo, ResponseID, TextPrompt) values(1, 1, 0, 3, "3 - somewhat disagree");
insert into Possibilities (qtype, survey, QuestionNo, ResponseID, TextPrompt) values(1, 1, 0, 4, "4 - neither agree nor disagree ");
insert into Possibilities (qtype, survey, QuestionNo, ResponseID, TextPrompt) values(1, 1, 0, 5, "5 - somewhat agree ");
insert into Possibilities (qtype, survey, QuestionNo, ResponseID, TextPrompt) values(1, 1, 0, 6, " 6 - agree");
insert into Possibilities (qtype, survey, QuestionNo, ResponseID, TextPrompt) values(1, 1, 0, 7, "7 - strongly agree");
insert into Possibilities (qtype, survey, QuestionNo, ResponseID, TextPrompt) values(1, 1, 0, -1, "Prefer not to answer");


insert into Possibilities (qtype, survey, QuestionNo, ResponseID, TextPrompt) values(1, 2, 0, 1, "1 - strongly disagree ");
insert into Possibilities (qtype, survey, QuestionNo, ResponseID, TextPrompt) values(1, 2, 0, 2, "2- disagree");
insert into Possibilities (qtype, survey, QuestionNo, ResponseID, TextPrompt) values(1, 2, 0, 3, "3 - somewhat disagree");
insert into Possibilities (qtype, survey, QuestionNo, ResponseID, TextPrompt) values(1, 2, 0, 4, "4 - neither agree nor disagree ");
insert into Possibilities (qtype, survey, QuestionNo, ResponseID, TextPrompt) values(1, 2, 0, 5, "5 - somewhat agree ");
insert into Possibilities (qtype, survey, QuestionNo, ResponseID, TextPrompt) values(1, 2, 0, 6, " 6 - agree");
insert into Possibilities (qtype, survey, QuestionNo, ResponseID, TextPrompt) values(1, 2, 0, 7, "7 - strongly agree");
insert into Possibilities (qtype, survey, QuestionNo, ResponseID, TextPrompt) values(1, 2, 0, -1, "Prefer not to answer");

insert into Possibilities (qtype, survey, QuestionNo, ResponseID, TextPrompt) values(0, 1, 1, 1, "Agriculture");
insert into Possibilities (qtype, survey, QuestionNo, ResponseID, TextPrompt) values(0, 1, 1, 2, "Bioinformatics and/or computational biology");
insert into Possibilities (qtype, survey, QuestionNo, ResponseID, TextPrompt) values(0, 1, 1, 3, "Discipline-based education research (DBER)");
insert into Possibilities (qtype, survey, QuestionNo, ResponseID, TextPrompt) values(0, 1, 1, 4, "Engineering");
insert into Possibilities (qtype, survey, QuestionNo, ResponseID, TextPrompt) values(0, 1, 1, 5, "Computer science and computer engineering");
insert into Possibilities (qtype, survey, QuestionNo, ResponseID, TextPrompt) values(0, 1, 1, 6, "Engineering - Biomedical");
insert into Possibilities (qtype, survey, QuestionNo, ResponseID, TextPrompt) values(0, 1, 1, 7, "Engineering (other)");
insert into Possibilities (qtype, survey, QuestionNo, ResponseID, TextPrompt) values(0, 1, 1, 8, "Environmental science");
insert into Possibilities (qtype, survey, QuestionNo, ResponseID, TextPrompt) values(0, 1, 1, 9, "Kinesiology");
insert into Possibilities (qtype, survey, QuestionNo, ResponseID, TextPrompt) values(0, 1, 1, 10, "anatomy and physiology");
insert into Possibilities (qtype, survey, QuestionNo, ResponseID, TextPrompt) values(0, 1, 1, 11, "biochemistry");
insert into Possibilities (qtype, survey, QuestionNo, ResponseID, TextPrompt) values(0, 1, 1, 12, "general biology");
insert into Possibilities (qtype, survey, QuestionNo, ResponseID, TextPrompt) values(0, 1, 1, 13, "botany");
insert into Possibilities (qtype, survey, QuestionNo, ResponseID, TextPrompt) values(0, 1, 1, 14, "ecology");
insert into Possibilities (qtype, survey, QuestionNo, ResponseID, TextPrompt) values(0, 1, 1, 15, "evolution");
insert into Possibilities (qtype, survey, QuestionNo, ResponseID, TextPrompt) values(0, 1, 1, 16, "genetics");
insert into Possibilities (qtype, survey, QuestionNo, ResponseID, TextPrompt) values(0, 1, 1, 17, "zoology");
insert into Possibilities (qtype, survey, QuestionNo, ResponseID, TextPrompt) values(0, 1, 1, 18, "Marine science");
insert into Possibilities (qtype, survey, QuestionNo, ResponseID, TextPrompt) values(0, 1, 1, 19, "Mathematics");
insert into Possibilities (qtype, survey, QuestionNo, ResponseID, TextPrompt) values(0, 1, 1, 20, "Neuroscience");
insert into Possibilities (qtype, survey, QuestionNo, ResponseID, TextPrompt) values(0, 1, 1, 21, "Physical Sciences");
insert into Possibilities (qtype, survey, QuestionNo, ResponseID, TextPrompt) values(0, 1, 1, 22, "Astronomy");
insert into Possibilities (qtype, survey, QuestionNo, ResponseID, TextPrompt) values(0, 1, 1, 23, "Chemistry");
insert into Possibilities (qtype, survey, QuestionNo, ResponseID, TextPrompt) values(0, 1, 1, 24, "Physics");
insert into Possibilities (qtype, survey, QuestionNo, ResponseID, TextPrompt) values(0, 1, 1, 25, "Geology");
insert into Possibilities (qtype, survey, QuestionNo, ResponseID, TextPrompt) values(0, 1, 1, 26, "Soil science");
insert into Possibilities (qtype, survey, QuestionNo, ResponseID, TextPrompt) values(0, 1, 1, 27, "Statistics and/or Data Science");
insert into Possibilities (qtype, survey, QuestionNo, ResponseID, TextPrompt) values(0, 1, 1, 28, "Other");
insert into Possibilities (qtype, survey, QuestionNo, ResponseID, TextPrompt) values(0, 1, 1, 0, "prefer not to say");

insert into Possibilities (qtype, survey, QuestionNo, ResponseID, TextPrompt) values(0, 1, 2, 1, "1 student");
insert into Possibilities (qtype, survey, QuestionNo, ResponseID, TextPrompt) values(0, 1, 2, 2, "2-4 students");
insert into Possibilities (qtype, survey, QuestionNo, ResponseID, TextPrompt) values(0, 1, 2, 3, "5-8 students");
insert into Possibilities (qtype, survey, QuestionNo, ResponseID, TextPrompt) values(0, 1, 2, 4, "9-12 students");
insert into Possibilities (qtype, survey, QuestionNo, ResponseID, TextPrompt) values(0, 1, 2, 5, "more than 12 students");
insert into Possibilities (qtype, survey, QuestionNo, ResponseID, TextPrompt) values(0, 1, 2, 0, "prefer not to say");

insert into Possibilities (qtype, survey, QuestionNo, ResponseID, TextPrompt) values(0, 1, 3, 1, "2");
insert into Possibilities (qtype, survey, QuestionNo, ResponseID, TextPrompt) values(0, 1, 3, 2, "3-5");
insert into Possibilities (qtype, survey, QuestionNo, ResponseID, TextPrompt) values(0, 1, 3, 3, "6-9");
insert into Possibilities (qtype, survey, QuestionNo, ResponseID, TextPrompt) values(0, 1, 3, 4, "10-13");
insert into Possibilities (qtype, survey, QuestionNo, ResponseID, TextPrompt) values(0, 1, 3, 5, "More than 13");
insert into Possibilities (qtype, survey, QuestionNo, ResponseID, TextPrompt) values(0, 1, 3, 0, "prefer not to say");

insert into Possibilities (qtype, survey, QuestionNo, ResponseID, TextPrompt) values(0, 1, 4, 1, "Faculty member");
insert into Possibilities (qtype, survey, QuestionNo, ResponseID, TextPrompt) values(0, 1, 4, 2, "Postdoctoral researcher");
insert into Possibilities (qtype, survey, QuestionNo, ResponseID, TextPrompt) values(0, 1, 4, 3, "Graduate student, technician, or staff scientist");
insert into Possibilities (qtype, survey, QuestionNo, ResponseID, TextPrompt) values(0, 1, 4, 4, "Other");
insert into Possibilities (qtype, survey, QuestionNo, ResponseID, TextPrompt) values(0, 1, 4, 0, "prefer not to say");

insert into Possibilities (qtype, survey, QuestionNo, ResponseID, TextPrompt) values(0, 1, 5, 1, "Laboratory research");
insert into Possibilities (qtype, survey, QuestionNo, ResponseID, TextPrompt) values(0, 1, 5, 2, "Field research");
insert into Possibilities (qtype, survey, QuestionNo, ResponseID, TextPrompt) values(0, 1, 5, 3, "Computer-based research");
insert into Possibilities (qtype, survey, QuestionNo, ResponseID, TextPrompt) values(0, 1, 5, 0, "prefer not to say");

insert into Possibilities (qtype, survey, QuestionNo, ResponseID, TextPrompt) values(0, 1, 6, 1, "Laboratory research");
insert into Possibilities (qtype, survey, QuestionNo, ResponseID, TextPrompt) values(0, 1, 6, 2, "Field research");
insert into Possibilities (qtype, survey, QuestionNo, ResponseID, TextPrompt) values(0, 1, 6, 3, "Computer-based research");
insert into Possibilities (qtype, survey, QuestionNo, ResponseID, TextPrompt) values(0, 1, 6, 0, "prefer not to say");

insert into Possibilities (qtype, survey, QuestionNo, ResponseID, TextPrompt) values(0, 1, 7, 1, "0 hours a week");
insert into Possibilities (qtype, survey, QuestionNo, ResponseID, TextPrompt) values(0, 1, 7, 2, "1 - 5 hours a week");
insert into Possibilities (qtype, survey, QuestionNo, ResponseID, TextPrompt) values(0, 1, 7, 3, "6 - 10 hours a week");
insert into Possibilities (qtype, survey, QuestionNo, ResponseID, TextPrompt) values(0, 1, 7, 4, "11 - 15 hours a week");
insert into Possibilities (qtype, survey, QuestionNo, ResponseID, TextPrompt) values(0, 1, 7, 5, "16 - 20 hours a week");
insert into Possibilities (qtype, survey, QuestionNo, ResponseID, TextPrompt) values(0, 1, 7, 6, "21 - 25 hours a week");
insert into Possibilities (qtype, survey, QuestionNo, ResponseID, TextPrompt) values(0, 1, 7, 7, "26 - 30 hours a week");
insert into Possibilities (qtype, survey, QuestionNo, ResponseID, TextPrompt) values(0, 1, 7, 8, "more than 30 hours a week");
insert into Possibilities (qtype, survey, QuestionNo, ResponseID, TextPrompt) values(0, 1, 7, 0, "Prefer not to say");

insert into Possibilities (qtype, survey, QuestionNo, ResponseID, TextPrompt) values(0, 1, 8, 1, "0 hours a week");
insert into Possibilities (qtype, survey, QuestionNo, ResponseID, TextPrompt) values(0, 1, 8, 2, "1 - 5 hours a week");
insert into Possibilities (qtype, survey, QuestionNo, ResponseID, TextPrompt) values(0, 1, 8, 3, "6 - 10 hours a week");
insert into Possibilities (qtype, survey, QuestionNo, ResponseID, TextPrompt) values(0, 1, 8, 4, "11 - 15 hours a week");
insert into Possibilities (qtype, survey, QuestionNo, ResponseID, TextPrompt) values(0, 1, 8, 5, "16 - 20 hours a week");
insert into Possibilities (qtype, survey, QuestionNo, ResponseID, TextPrompt) values(0, 1, 8, 6, "21 - 25 hours a week");
insert into Possibilities (qtype, survey, QuestionNo, ResponseID, TextPrompt) values(0, 1, 8, 7, "26 - 30 hours a week");
insert into Possibilities (qtype, survey, QuestionNo, ResponseID, TextPrompt) values(0, 1, 8, 8, "more than 30 hours a week");
insert into Possibilities (qtype, survey, QuestionNo, ResponseID, TextPrompt) values(0, 1, 8, 0, "Prefer not to say");

insert into Possibilities (qtype, survey, QuestionNo, ResponseID, TextPrompt) values(0, 1, 9, 1, "0 hours a week");
insert into Possibilities (qtype, survey, QuestionNo, ResponseID, TextPrompt) values(0, 1, 9, 2, "1 - 5 hours a week");
insert into Possibilities (qtype, survey, QuestionNo, ResponseID, TextPrompt) values(0, 1, 9, 3, "6 - 10 hours a week");
insert into Possibilities (qtype, survey, QuestionNo, ResponseID, TextPrompt) values(0, 1, 9, 4, "11 - 15 hours a week");
insert into Possibilities (qtype, survey, QuestionNo, ResponseID, TextPrompt) values(0, 1, 9, 5, "16 - 20 hours a week");
insert into Possibilities (qtype, survey, QuestionNo, ResponseID, TextPrompt) values(0, 1, 9, 6, "21 - 25 hours a week");
insert into Possibilities (qtype, survey, QuestionNo, ResponseID, TextPrompt) values(0, 1, 9, 7, "26 - 30 hours a week");
insert into Possibilities (qtype, survey, QuestionNo, ResponseID, TextPrompt) values(0, 1, 9, 8, "more than 30 hours a week");
insert into Possibilities (qtype, survey, QuestionNo, ResponseID, TextPrompt) values(0, 1, 9, 0, "Prefer not to say");

insert into Possibilities (qtype, survey, QuestionNo, ResponseID, TextPrompt) values(0, 1, 10, 1, "0 hours a week");
insert into Possibilities (qtype, survey, QuestionNo, ResponseID, TextPrompt) values(0, 1, 10, 2, "1 - 5 hours a week");
insert into Possibilities (qtype, survey, QuestionNo, ResponseID, TextPrompt) values(0, 1, 10, 3, "6 - 10 hours a week");
insert into Possibilities (qtype, survey, QuestionNo, ResponseID, TextPrompt) values(0, 1, 10, 4, "11 - 15 hours a week");
insert into Possibilities (qtype, survey, QuestionNo, ResponseID, TextPrompt) values(0, 1, 10, 5, "16 - 20 hours a week");
insert into Possibilities (qtype, survey, QuestionNo, ResponseID, TextPrompt) values(0, 1, 10, 6, "21 - 25 hours a week");
insert into Possibilities (qtype, survey, QuestionNo, ResponseID, TextPrompt) values(0, 1, 10, 7, "26 - 30 hours a week");
insert into Possibilities (qtype, survey, QuestionNo, ResponseID, TextPrompt) values(0, 1, 10, 8, "more than 30 hours a week");
insert into Possibilities (qtype, survey, QuestionNo, ResponseID, TextPrompt) values(0, 1, 10, 0, "Prefer not to say");

insert into Possibilities (qtype, survey, QuestionNo, ResponseID, TextPrompt) values(0, 1, 11, 1, "Enrolled as a full-time student");
insert into Possibilities (qtype, survey, QuestionNo, ResponseID, TextPrompt) values(0, 1, 11, 2, "Enrolled as a part-time student ");

insert into Possibilities (qtype, survey, QuestionNo, ResponseID, TextPrompt) values(0, 2, 1, 1, "Academic (college or university)");
insert into Possibilities (qtype, survey, QuestionNo, ResponseID, TextPrompt) values(0, 2, 1, 2, "Industry - research and development");
insert into Possibilities (qtype, survey, QuestionNo, ResponseID, TextPrompt) values(0, 2, 1, 3, "Industry - production and quality control");
insert into Possibilities (qtype, survey, QuestionNo, ResponseID, TextPrompt) values(0, 2, 1, 4, "Government ");
insert into Possibilities (qtype, survey, QuestionNo, ResponseID, TextPrompt) values(0, 2, 1, 5, "Self-employed consulting/fee for service");
insert into Possibilities (qtype, survey, QuestionNo, ResponseID, TextPrompt) values(0, 2, 1, 6, "Other");
insert into Possibilities (qtype, survey, QuestionNo, ResponseID, TextPrompt) values(0, 2, 1, 0, "Prefer not to answer");

insert into Possibilities (qtype, survey, QuestionNo, ResponseID, TextPrompt) values(0, 2, 2, 1, "AA - year");
insert into Possibilities (qtype, survey, QuestionNo, ResponseID, TextPrompt) values(0, 2, 2, 2, "Baccalaureate - year");
insert into Possibilities (qtype, survey, QuestionNo, ResponseID, TextPrompt) values(0, 2, 2, 3, "Masters of Science");
insert into Possibilities (qtype, survey, QuestionNo, ResponseID, TextPrompt) values(0, 2, 2, 4, "Ph. D");
insert into Possibilities (qtype, survey, QuestionNo, ResponseID, TextPrompt) values(0, 2, 2, 5, "JD");
insert into Possibilities (qtype, survey, QuestionNo, ResponseID, TextPrompt) values(0, 2, 2, 6, "MD");
insert into Possibilities (qtype, survey, QuestionNo, ResponseID, TextPrompt) values(0, 2, 2, 7, "MBA");
insert into Possibilities (qtype, survey, QuestionNo, ResponseID, TextPrompt) values(0, 2, 2, 8, "not applicable ");
insert into Possibilities (qtype, survey, QuestionNo, ResponseID, TextPrompt) values(0, 2, 2, 0, "Prefer not to answer");

insert into Possibilities (qtype, survey, QuestionNo, ResponseID, TextPrompt) values(0, 2, 3, 1, "default - current year, ability to change to any reasonable year");

insert into Possibilities (qtype, survey, QuestionNo, ResponseID, TextPrompt) values(0, 2, 4, 1, "At the computer");
insert into Possibilities (qtype, survey, QuestionNo, ResponseID, TextPrompt) values(0, 2, 4, 2, "At the lab bench");
insert into Possibilities (qtype, survey, QuestionNo, ResponseID, TextPrompt) values(0, 2, 4, 3, "In the field");
insert into Possibilities (qtype, survey, QuestionNo, ResponseID, TextPrompt) values(0, 2, 4, 4, "Other");

insert into Possibilities (qtype, survey, QuestionNo, ResponseID, TextPrompt) values(0, 2, 5, 1, "At the computer");
insert into Possibilities (qtype, survey, QuestionNo, ResponseID, TextPrompt) values(0, 2, 5, 2, "At the lab bench");
insert into Possibilities (qtype, survey, QuestionNo, ResponseID, TextPrompt) values(0, 2, 5, 3, "In the field");
insert into Possibilities (qtype, survey, QuestionNo, ResponseID, TextPrompt) values(0, 2, 5, 4, "Other");

insert into Possibilities (qtype, survey, QuestionNo, ResponseID, TextPrompt) values(0, 2, 6, 1, "At the computer");
insert into Possibilities (qtype, survey, QuestionNo, ResponseID, TextPrompt) values(0, 2, 6, 2, "At the lab bench");
insert into Possibilities (qtype, survey, QuestionNo, ResponseID, TextPrompt) values(0, 2, 6, 3, "In the field");
insert into Possibilities (qtype, survey, QuestionNo, ResponseID, TextPrompt) values(0, 2, 6, 4, "Other");



-- desired profiles
insert into DesProfiles (ProfileId, profName, User) values(1, "Dream Job", 1);	
insert into DesProfiles (ProfileId, profName, User) values(2, "Professional Development", 1);	
insert into DesProfiles (ProfileId, profName, User) values(3, "Dream Job", 2);	
insert into DesProfiles (ProfileId, profName, User) values(4, "What I like", 2);	
insert into DesProfiles (ProfileId, profName, User) values(5, "Dream Job", 3);	
insert into DesProfiles (ProfileId, profName, User) values(6, "Best Internship", 5);	
insert into DesProfiles (ProfileId, profName, User) values(7, "Dream Job", 6);	
insert into DesProfiles (ProfileId, profName, User) values(8, "My Internship", 7);	
insert into DesProfiles (ProfileId, profName, User) values(9, "High Tech Career", 8);	
insert into DesProfiles (ProfileId, profName, User) values(10, "High Tech Career", 9);	
insert into DesProfiles (ProfileId, profName, User) values(11, "Lab Tech Job", 9);	
insert into DesProfiles (ProfileId, profName, User) values(12, "Dream Job", 10);	
insert into DesProfiles (ProfileId, profName, User) values(13, "Work-life balance", 10);	
insert into DesProfiles (ProfileId, profName, User) values(14, "My future career", 10);	
insert into DesProfiles (ProfileId, profName, User) values(15, "Dream Job", 14);	
insert into DesProfiles (ProfileId, profName, User) values(16, "Dream Job", 15);	
insert into DesProfiles (ProfileId, profName, User) values(17, "Work-life balance", 15);	
insert into DesProfiles (ProfileId, profName, User) values(18, "Future Career", 17);	
insert into DesProfiles (ProfileId, profName, User) values(19, "Dream Job", 20);	
insert into DesProfiles (ProfileId, profName, User) values(20, "Things I would like to avoid", 21);	
insert into DesProfiles (ProfileId, profName, User) values(21, "Dream Job", 21);	
insert into DesProfiles (ProfileId, profName, User) values(22, "Dream Job", 22);	
insert into DesProfiles (ProfileId, profName, User) values(23, "After graduation", 10);	
insert into DesProfiles (ProfileId, profName, User) values(24, "Bad Jobs", 23);	
insert into DesProfiles (ProfileId, profName, User) values(25, "Dream Job", 25);	
insert into DesProfiles (ProfileId, profName, User) values(26, "After graduation", 4);	
insert into DesProfiles (ProfileId, profName, User) values(27, "Career", 4);	
insert into DesProfiles (ProfileId, profName, User) values(28, "Bad Jobs", 5);	
insert into DesProfiles (ProfileId, profName, User) values(29, "Dream Job", 7);	
insert into DesProfiles (ProfileId, profName, User) values(30, "Career 1", 7);	
insert into DesProfiles (ProfileId, profName, User) values(31, "Career 2", 7);	
insert into DesProfiles (ProfileId, profName, User) values(32, "Work-life balance", 8);	
insert into DesProfiles (ProfileId, profName, User) values(33, "I do not want to work", 10);	
insert into DesProfiles (ProfileId, profName, User) values(34, "Work-life balance", 11);	
insert into DesProfiles (ProfileId, profName, User) values(35, "I do not want to work", 12);	
insert into DesProfiles (ProfileId, profName, User) values(36, "If i did want to work", 12);	
insert into DesProfiles (ProfileId, profName, User) values(37, "Job in sunny California", 13);	
insert into DesProfiles (ProfileId, profName, User) values(38, "My Career plan ", 16);	
insert into DesProfiles (ProfileId, profName, User) values(39, "In search of a good job", 17);	
insert into DesProfiles (ProfileId, profName, User) values(40, "Active job", 18);	
insert into DesProfiles (ProfileId, profName, User) values(41, "Job #4", 19);	
insert into DesProfiles (ProfileId, profName, User) values(42, "Profile #5", 20);	
insert into DesProfiles (ProfileId, profName, User) values(43, "Yawn", 24);	
insert into DesProfiles (ProfileId, profName, User) values(44, "CEO track", 24);	
insert into DesProfiles (ProfileId, profName, User) values(45, "I do not want to work", 25);	
insert into DesProfiles (ProfileId, profName, User) values(46, "Job #2", 12);	
insert into DesProfiles (ProfileId, profName, User) values(47, "My last profile", 12);	
insert into DesProfiles (ProfileId, profName, User) values(48, "Huh", 22);	
insert into DesProfiles (ProfileId, profName, User) values(49, "Huh 2", 22);	
insert into DesProfiles (ProfileId, profName, User) values(50, "Work-life balance", 23);	

insert into charValue (profileId, charId, charVal, importance) values(1, 1, 3, 3);
insert into charValue (profileId, charId, charVal, importance) values(2, 1, 2, 2);
insert into charValue (profileId, charId, charVal, importance) values(3, 1, 5, 4);
insert into charValue (profileId, charId, charVal, importance) values(4, 1, 2, 6);
insert into charValue (profileId, charId, charVal, importance) values(5, 1, 5, 5);
insert into charValue (profileId, charId, charVal, importance) values(6, 1, 5, 4);
insert into charValue (profileId, charId, charVal, importance) values(7, 1, 2, 2);
insert into charValue (profileId, charId, charVal, importance) values(8, 1, 5, 7);
insert into charValue (profileId, charId, charVal, importance) values(9, 1, 5, 2);
insert into charValue (profileId, charId, charVal, importance) values(10, 1, 5, 6);
insert into charValue (profileId, charId, charVal, importance) values(11, 1, 3, 7);
insert into charValue (profileId, charId, charVal, importance) values(12, 1, 5, 1);
insert into charValue (profileId, charId, charVal, importance) values(13, 1, 4, 6);
insert into charValue (profileId, charId, charVal, importance) values(14, 1, 5, 4);
insert into charValue (profileId, charId, charVal, importance) values(15, 1, 5, 3);
insert into charValue (profileId, charId, charVal, importance) values(16, 1, 5, 4);
insert into charValue (profileId, charId, charVal, importance) values(17, 1, 5, 6);
insert into charValue (profileId, charId, charVal, importance) values(18, 1, 5, 0);
insert into charValue (profileId, charId, charVal, importance) values(19, 1, 7, 0);
insert into charValue (profileId, charId, charVal, importance) values(20, 1, 5, 7);
insert into charValue (profileId, charId, charVal, importance) values(21, 1, 1, 4);
insert into charValue (profileId, charId, charVal, importance) values(22, 1, 5, 0);
insert into charValue (profileId, charId, charVal, importance) values(23, 1, 5, 3);
insert into charValue (profileId, charId, charVal, importance) values(24, 1, 5, 0);
insert into charValue (profileId, charId, charVal, importance) values(25, 1, 5, 7);
insert into charValue (profileId, charId, charVal, importance) values(26, 1, 1, 2);
insert into charValue (profileId, charId, charVal, importance) values(27, 1, 5, 1);
insert into charValue (profileId, charId, charVal, importance) values(28, 1, 5, 7);
insert into charValue (profileId, charId, charVal, importance) values(29, 1, 5, 4);
insert into charValue (profileId, charId, charVal, importance) values(30, 1, 5, 5);
insert into charValue (profileId, charId, charVal, importance) values(31, 1, 3, 6);
insert into charValue (profileId, charId, charVal, importance) values(32, 1, 4, 2);
insert into charValue (profileId, charId, charVal, importance) values(33, 1, 5, 1);
insert into charValue (profileId, charId, charVal, importance) values(34, 1, 2, 1);
insert into charValue (profileId, charId, charVal, importance) values(35, 1, 5, 7);
insert into charValue (profileId, charId, charVal, importance) values(36, 1, 5, 0);
insert into charValue (profileId, charId, charVal, importance) values(37, 1, 7, 6);
insert into charValue (profileId, charId, charVal, importance) values(38, 1, 7, 1);
insert into charValue (profileId, charId, charVal, importance) values(39, 1, 7, 6);
insert into charValue (profileId, charId, charVal, importance) values(40, 1, 5, 5);
insert into charValue (profileId, charId, charVal, importance) values(41, 1, 3, 5);
insert into charValue (profileId, charId, charVal, importance) values(42, 1, 5, 5);
insert into charValue (profileId, charId, charVal, importance) values(43, 1, 5, 2);
insert into charValue (profileId, charId, charVal, importance) values(44, 1, 5, 1);
insert into charValue (profileId, charId, charVal, importance) values(45, 1, 5, 2);
insert into charValue (profileId, charId, charVal, importance) values(46, 1, 5, 3);
insert into charValue (profileId, charId, charVal, importance) values(47, 1, 5, 1);
insert into charValue (profileId, charId, charVal, importance) values(48, 1, 5, 2);
insert into charValue (profileId, charId, charVal, importance) values(49, 1, 5, 4);
insert into charValue (profileId, charId, charVal, importance) values(50, 1, 2, 7);

insert into charValue (profileId, charId, charVal, importance) values(1, 2, 3, 1);
insert into charValue (profileId, charId, charVal, importance) values(2, 2, 3, 7);
insert into charValue (profileId, charId, charVal, importance) values(3, 2, 5, 3);
insert into charValue (profileId, charId, charVal, importance) values(4, 2, 5, 5);
insert into charValue (profileId, charId, charVal, importance) values(5, 2, 5, 4);
insert into charValue (profileId, charId, charVal, importance) values(6, 2, 2, 7);
insert into charValue (profileId, charId, charVal, importance) values(7, 2, 5, 4);
insert into charValue (profileId, charId, charVal, importance) values(8, 2, 3, 0);
insert into charValue (profileId, charId, charVal, importance) values(9, 2, 3, 4);
insert into charValue (profileId, charId, charVal, importance) values(10, 2, 5, 0);
insert into charValue (profileId, charId, charVal, importance) values(11, 2, 3, 1);
insert into charValue (profileId, charId, charVal, importance) values(12, 2, 3, 0);
insert into charValue (profileId, charId, charVal, importance) values(13, 2, 4, 1);
insert into charValue (profileId, charId, charVal, importance) values(14, 2, 5, 1);
insert into charValue (profileId, charId, charVal, importance) values(15, 2, 5, 5);
insert into charValue (profileId, charId, charVal, importance) values(16, 2, 5, 0);
insert into charValue (profileId, charId, charVal, importance) values(17, 2, 5, 2);
insert into charValue (profileId, charId, charVal, importance) values(18, 2, 5, 0);
insert into charValue (profileId, charId, charVal, importance) values(19, 2, 7, 0);
insert into charValue (profileId, charId, charVal, importance) values(20, 2, 5, 0);
insert into charValue (profileId, charId, charVal, importance) values(21, 2, 5, 1);
insert into charValue (profileId, charId, charVal, importance) values(22, 2, 1, 3);
insert into charValue (profileId, charId, charVal, importance) values(23, 2, 5, 5);
insert into charValue (profileId, charId, charVal, importance) values(24, 2, 5, 1);
insert into charValue (profileId, charId, charVal, importance) values(25, 2, 5, 3);
insert into charValue (profileId, charId, charVal, importance) values(26, 2, 1, 1);
insert into charValue (profileId, charId, charVal, importance) values(27, 2, 5, 0);
insert into charValue (profileId, charId, charVal, importance) values(28, 2, 5, 3);
insert into charValue (profileId, charId, charVal, importance) values(29, 2, 5, 4);
insert into charValue (profileId, charId, charVal, importance) values(30, 2, 5, 0);
insert into charValue (profileId, charId, charVal, importance) values(31, 2, 5, 6);
insert into charValue (profileId, charId, charVal, importance) values(32, 2, 3, 5);
insert into charValue (profileId, charId, charVal, importance) values(33, 2, 5, 0);
insert into charValue (profileId, charId, charVal, importance) values(34, 2, 5, 0);
insert into charValue (profileId, charId, charVal, importance) values(35, 2, 5, 1);
insert into charValue (profileId, charId, charVal, importance) values(36, 2, 7, 0);
insert into charValue (profileId, charId, charVal, importance) values(37, 2, 5, 5);
insert into charValue (profileId, charId, charVal, importance) values(38, 2, 5, 6);
insert into charValue (profileId, charId, charVal, importance) values(39, 2, 7, 1);
insert into charValue (profileId, charId, charVal, importance) values(40, 2, 5, 1);
insert into charValue (profileId, charId, charVal, importance) values(41, 2, 3, 4);
insert into charValue (profileId, charId, charVal, importance) values(42, 2, 3, 6);
insert into charValue (profileId, charId, charVal, importance) values(43, 2, 5, 3);
insert into charValue (profileId, charId, charVal, importance) values(44, 2, 5, 0);
insert into charValue (profileId, charId, charVal, importance) values(45, 2, 5, 6);
insert into charValue (profileId, charId, charVal, importance) values(46, 2, 5, 0);
insert into charValue (profileId, charId, charVal, importance) values(47, 2, 5, 6);
insert into charValue (profileId, charId, charVal, importance) values(48, 2, 5, 4);
insert into charValue (profileId, charId, charVal, importance) values(49, 2, 2, 4);
insert into charValue (profileId, charId, charVal, importance) values(50, 2, 5, 1);

insert into charValue (profileId, charId, charVal, importance) values(1, 3, 5, 0);
insert into charValue (profileId, charId, charVal, importance) values(2, 3, 5, 3);
insert into charValue (profileId, charId, charVal, importance) values(3, 3, 3, 3);
insert into charValue (profileId, charId, charVal, importance) values(4, 3, 3, 4);
insert into charValue (profileId, charId, charVal, importance) values(5, 3, 5, 1);
insert into charValue (profileId, charId, charVal, importance) values(6, 3, 5, 2);
insert into charValue (profileId, charId, charVal, importance) values(7, 3, 5, 3);
insert into charValue (profileId, charId, charVal, importance) values(8, 3, 5, 5);
insert into charValue (profileId, charId, charVal, importance) values(9, 3, 5, 6);
insert into charValue (profileId, charId, charVal, importance) values(10, 3, 3, 0);
insert into charValue (profileId, charId, charVal, importance) values(11, 3, 5, 7);
insert into charValue (profileId, charId, charVal, importance) values(12, 3, 5, 2);
insert into charValue (profileId, charId, charVal, importance) values(13, 3, 4, 6);
insert into charValue (profileId, charId, charVal, importance) values(14, 3, 3, 7);
insert into charValue (profileId, charId, charVal, importance) values(15, 3, 5, 7);
insert into charValue (profileId, charId, charVal, importance) values(16, 3, 5, 7);
insert into charValue (profileId, charId, charVal, importance) values(17, 3, 5, 4);
insert into charValue (profileId, charId, charVal, importance) values(18, 3, 5, 1);
insert into charValue (profileId, charId, charVal, importance) values(19, 3, 7, 0);
insert into charValue (profileId, charId, charVal, importance) values(20, 3, 5, 5);
insert into charValue (profileId, charId, charVal, importance) values(21, 3, 5, 7);
insert into charValue (profileId, charId, charVal, importance) values(22, 3, 5, 4);
insert into charValue (profileId, charId, charVal, importance) values(23, 3, 1, 5);
insert into charValue (profileId, charId, charVal, importance) values(24, 3, 5, 1);
insert into charValue (profileId, charId, charVal, importance) values(25, 3, 5, 6);
insert into charValue (profileId, charId, charVal, importance) values(26, 3, 1, 2);
insert into charValue (profileId, charId, charVal, importance) values(27, 3, 5, 3);
insert into charValue (profileId, charId, charVal, importance) values(28, 3, 5, 7);
insert into charValue (profileId, charId, charVal, importance) values(29, 3, 5, 3);
insert into charValue (profileId, charId, charVal, importance) values(30, 3, 5, 3);
insert into charValue (profileId, charId, charVal, importance) values(31, 3, 5, 7);
insert into charValue (profileId, charId, charVal, importance) values(32, 3, 4, 4);
insert into charValue (profileId, charId, charVal, importance) values(33, 3, 3, 0);
insert into charValue (profileId, charId, charVal, importance) values(34, 3, 3, 6);
insert into charValue (profileId, charId, charVal, importance) values(35, 3, 7, 6);
insert into charValue (profileId, charId, charVal, importance) values(36, 3, 5, 7);
insert into charValue (profileId, charId, charVal, importance) values(37, 3, 5, 3);
insert into charValue (profileId, charId, charVal, importance) values(38, 3, 5, 3);
insert into charValue (profileId, charId, charVal, importance) values(39, 3, 5, 0);
insert into charValue (profileId, charId, charVal, importance) values(40, 3, 7, 2);
insert into charValue (profileId, charId, charVal, importance) values(41, 3, 5, 2);
insert into charValue (profileId, charId, charVal, importance) values(42, 3, 5, 6);
insert into charValue (profileId, charId, charVal, importance) values(43, 3, 1, 6);
insert into charValue (profileId, charId, charVal, importance) values(44, 3, 3, 4);
insert into charValue (profileId, charId, charVal, importance) values(45, 3, 5, 6);
insert into charValue (profileId, charId, charVal, importance) values(46, 3, 5, 0);
insert into charValue (profileId, charId, charVal, importance) values(47, 3, 5, 4);
insert into charValue (profileId, charId, charVal, importance) values(48, 3, 2, 5);
insert into charValue (profileId, charId, charVal, importance) values(49, 3, 5, 1);
insert into charValue (profileId, charId, charVal, importance) values(50, 3, 5, 6);

insert into charValue (profileId, charId, charVal, importance) values(1, 4, 5, 5);
insert into charValue (profileId, charId, charVal, importance) values(2, 4, 5, 2);
insert into charValue (profileId, charId, charVal, importance) values(3, 4, 5, 3);
insert into charValue (profileId, charId, charVal, importance) values(4, 4, 1, 4);
insert into charValue (profileId, charId, charVal, importance) values(5, 4, 2, 0);
insert into charValue (profileId, charId, charVal, importance) values(6, 4, 5, 7);
insert into charValue (profileId, charId, charVal, importance) values(7, 4, 5, 1);
insert into charValue (profileId, charId, charVal, importance) values(8, 4, 5, 6);
insert into charValue (profileId, charId, charVal, importance) values(9, 4, 5, 5);
insert into charValue (profileId, charId, charVal, importance) values(10, 4, 3, 3);
insert into charValue (profileId, charId, charVal, importance) values(11, 4, 5, 7);
insert into charValue (profileId, charId, charVal, importance) values(12, 4, 5, 4);
insert into charValue (profileId, charId, charVal, importance) values(13, 4, 4, 6);
insert into charValue (profileId, charId, charVal, importance) values(14, 4, 1, 6);
insert into charValue (profileId, charId, charVal, importance) values(15, 4, 3, 7);
insert into charValue (profileId, charId, charVal, importance) values(16, 4, 5, 5);
insert into charValue (profileId, charId, charVal, importance) values(17, 4, 5, 7);
insert into charValue (profileId, charId, charVal, importance) values(18, 4, 5, 7);
insert into charValue (profileId, charId, charVal, importance) values(19, 4, 7, 1);
insert into charValue (profileId, charId, charVal, importance) values(20, 4, 5, 0);
insert into charValue (profileId, charId, charVal, importance) values(21, 4, 5, 0);
insert into charValue (profileId, charId, charVal, importance) values(22, 4, 5, 2);
insert into charValue (profileId, charId, charVal, importance) values(23, 4, 5, 0);
insert into charValue (profileId, charId, charVal, importance) values(24, 4, 1, 5);
insert into charValue (profileId, charId, charVal, importance) values(25, 4, 5, 7);
insert into charValue (profileId, charId, charVal, importance) values(26, 4, 5, 1);
insert into charValue (profileId, charId, charVal, importance) values(27, 4, 5, 6);
insert into charValue (profileId, charId, charVal, importance) values(28, 4, 5, 2);
insert into charValue (profileId, charId, charVal, importance) values(29, 4, 5, 0);
insert into charValue (profileId, charId, charVal, importance) values(30, 4, 5, 5);
insert into charValue (profileId, charId, charVal, importance) values(31, 4, 5, 5);
insert into charValue (profileId, charId, charVal, importance) values(32, 4, 43, 1);
insert into charValue (profileId, charId, charVal, importance) values(33, 4, 5, 5);
insert into charValue (profileId, charId, charVal, importance) values(34, 4, 7, 2);
insert into charValue (profileId, charId, charVal, importance) values(35, 4, 3, 3);
insert into charValue (profileId, charId, charVal, importance) values(36, 4, 5, 5);
insert into charValue (profileId, charId, charVal, importance) values(37, 4, 5, 4);
insert into charValue (profileId, charId, charVal, importance) values(38, 4, 5, 2);
insert into charValue (profileId, charId, charVal, importance) values(39, 4, 5, 1);
insert into charValue (profileId, charId, charVal, importance) values(40, 4, 5, 7);
insert into charValue (profileId, charId, charVal, importance) values(41, 4, 7, 4);
insert into charValue (profileId, charId, charVal, importance) values(42, 4, 5, 6);
insert into charValue (profileId, charId, charVal, importance) values(43, 4, 5, 7);
insert into charValue (profileId, charId, charVal, importance) values(44, 4, 1, 0);
insert into charValue (profileId, charId, charVal, importance) values(45, 4, 3, 5);
insert into charValue (profileId, charId, charVal, importance) values(46, 4, 5, 7);
insert into charValue (profileId, charId, charVal, importance) values(47, 4, 2, 3);
insert into charValue (profileId, charId, charVal, importance) values(48, 4, 5, 4);
insert into charValue (profileId, charId, charVal, importance) values(49, 4, 5, 7);
insert into charValue (profileId, charId, charVal, importance) values(50, 4, 5, 0);

insert into charValue (profileId, charId, charVal, importance) values(1, 5, 3, 1);
insert into charValue (profileId, charId, charVal, importance) values(2, 5, 4, 4);
insert into charValue (profileId, charId, charVal, importance) values(3, 5, 4, 7);
insert into charValue (profileId, charId, charVal, importance) values(4, 5, 4, 5);
insert into charValue (profileId, charId, charVal, importance) values(5, 5, 1, 5);
insert into charValue (profileId, charId, charVal, importance) values(6, 5, 3, 4);
insert into charValue (profileId, charId, charVal, importance) values(7, 5, 4, 2);
insert into charValue (profileId, charId, charVal, importance) values(8, 5, 4, 7);
insert into charValue (profileId, charId, charVal, importance) values(9, 5, 4, 5);
insert into charValue (profileId, charId, charVal, importance) values(10, 5, 1, 6);
insert into charValue (profileId, charId, charVal, importance) values(11, 5, 3, 3);
insert into charValue (profileId, charId, charVal, importance) values(12, 5, 4, 6);
insert into charValue (profileId, charId, charVal, importance) values(13, 5, 4, 2);
insert into charValue (profileId, charId, charVal, importance) values(14, 5, 4, 3);
insert into charValue (profileId, charId, charVal, importance) values(15, 5, 3, 4);
insert into charValue (profileId, charId, charVal, importance) values(16, 5, 4, 2);
insert into charValue (profileId, charId, charVal, importance) values(17, 5, 4, 0);
insert into charValue (profileId, charId, charVal, importance) values(18, 5, 4, 7);
insert into charValue (profileId, charId, charVal, importance) values(19, 5, 7, 1);
insert into charValue (profileId, charId, charVal, importance) values(20, 5, 1, 1);
insert into charValue (profileId, charId, charVal, importance) values(21, 5, 4, 2);
insert into charValue (profileId, charId, charVal, importance) values(22, 5, 4, 4);
insert into charValue (profileId, charId, charVal, importance) values(23, 5, 4, 2);
insert into charValue (profileId, charId, charVal, importance) values(24, 5, 4, 6);
insert into charValue (profileId, charId, charVal, importance) values(25, 5, 1, 7);
insert into charValue (profileId, charId, charVal, importance) values(26, 5, 1, 6);
insert into charValue (profileId, charId, charVal, importance) values(27, 5, 4, 7);
insert into charValue (profileId, charId, charVal, importance) values(28, 5, 4, 0);
insert into charValue (profileId, charId, charVal, importance) values(29, 5, 4, 1);
insert into charValue (profileId, charId, charVal, importance) values(30, 5, 1, 6);
insert into charValue (profileId, charId, charVal, importance) values(31, 5, 4, 6);
insert into charValue (profileId, charId, charVal, importance) values(32, 5, 3, 7);
insert into charValue (profileId, charId, charVal, importance) values(33, 5, 7, 7);
insert into charValue (profileId, charId, charVal, importance) values(34, 5, 4, 5);
insert into charValue (profileId, charId, charVal, importance) values(35, 5, 1, 0);
insert into charValue (profileId, charId, charVal, importance) values(36, 5, 3, 0);
insert into charValue (profileId, charId, charVal, importance) values(37, 5, 4, 7);
insert into charValue (profileId, charId, charVal, importance) values(38, 5, 4, 6);
insert into charValue (profileId, charId, charVal, importance) values(39, 5, 4, 6);
insert into charValue (profileId, charId, charVal, importance) values(40, 5, 1, 0);
insert into charValue (profileId, charId, charVal, importance) values(41, 5, 4, 5);
insert into charValue (profileId, charId, charVal, importance) values(42, 5, 7, 0);
insert into charValue (profileId, charId, charVal, importance) values(43, 5, 7, 3);
insert into charValue (profileId, charId, charVal, importance) values(44, 5, 4, 0);
insert into charValue (profileId, charId, charVal, importance) values(45, 5, 3, 5);
insert into charValue (profileId, charId, charVal, importance) values(46, 5, 2, 2);
insert into charValue (profileId, charId, charVal, importance) values(47, 5, 4, 4);
insert into charValue (profileId, charId, charVal, importance) values(48, 5, 4, 2);
insert into charValue (profileId, charId, charVal, importance) values(49, 5, 4, 0);
insert into charValue (profileId, charId, charVal, importance) values(50, 5, 1, 4);

insert into charValue (profileId, charId, charVal, importance) values(1, 6, 4, 4);
insert into charValue (profileId, charId, charVal, importance) values(2, 6, 4, 1);
insert into charValue (profileId, charId, charVal, importance) values(3, 6, 4, 7);
insert into charValue (profileId, charId, charVal, importance) values(4, 6, 2, 5);
insert into charValue (profileId, charId, charVal, importance) values(5, 6, 4, 6);
insert into charValue (profileId, charId, charVal, importance) values(6, 6, 4, 1);
insert into charValue (profileId, charId, charVal, importance) values(7, 6, 3, 7);
insert into charValue (profileId, charId, charVal, importance) values(8, 6, 5, 3);
insert into charValue (profileId, charId, charVal, importance) values(9, 6, 5, 2);
insert into charValue (profileId, charId, charVal, importance) values(10, 6, 4, 7);
insert into charValue (profileId, charId, charVal, importance) values(11, 6, 4, 2);
insert into charValue (profileId, charId, charVal, importance) values(12, 6, 3, 1);
insert into charValue (profileId, charId, charVal, importance) values(13, 6, 3, 4);
insert into charValue (profileId, charId, charVal, importance) values(14, 6, 1, 6);
insert into charValue (profileId, charId, charVal, importance) values(15, 6, 4, 4);
insert into charValue (profileId, charId, charVal, importance) values(16, 6, 3, 6);
insert into charValue (profileId, charId, charVal, importance) values(17, 6, 4, 6);
insert into charValue (profileId, charId, charVal, importance) values(18, 6, 5, 0);
insert into charValue (profileId, charId, charVal, importance) values(19, 6, 7, 4);
insert into charValue (profileId, charId, charVal, importance) values(20, 6, 4, 6);
insert into charValue (profileId, charId, charVal, importance) values(21, 6, 4, 2);
insert into charValue (profileId, charId, charVal, importance) values(22, 6, 4, 2);
insert into charValue (profileId, charId, charVal, importance) values(23, 6, 4, 6);
insert into charValue (profileId, charId, charVal, importance) values(24, 6, 1, 1);
insert into charValue (profileId, charId, charVal, importance) values(25, 6, 4, 1);
insert into charValue (profileId, charId, charVal, importance) values(26, 6, 1, 2);
insert into charValue (profileId, charId, charVal, importance) values(27, 6, 4, 6);
insert into charValue (profileId, charId, charVal, importance) values(28, 6, 5, 0);
insert into charValue (profileId, charId, charVal, importance) values(29, 6, 5, 4);
insert into charValue (profileId, charId, charVal, importance) values(30, 6, 4, 2);
insert into charValue (profileId, charId, charVal, importance) values(31, 6, 4, 3);
insert into charValue (profileId, charId, charVal, importance) values(32, 6, 4, 1);
insert into charValue (profileId, charId, charVal, importance) values(33, 6, 4, 4);
insert into charValue (profileId, charId, charVal, importance) values(34, 6, 1, 4);
insert into charValue (profileId, charId, charVal, importance) values(35, 6, 4, 7);
insert into charValue (profileId, charId, charVal, importance) values(36, 6, 4, 5);
insert into charValue (profileId, charId, charVal, importance) values(37, 6, 3, 4);
insert into charValue (profileId, charId, charVal, importance) values(38, 6, 5, 4);
insert into charValue (profileId, charId, charVal, importance) values(39, 6, 5, 3);
insert into charValue (profileId, charId, charVal, importance) values(40, 6, 4, 5);
insert into charValue (profileId, charId, charVal, importance) values(41, 6, 4, 0);
insert into charValue (profileId, charId, charVal, importance) values(42, 6, 4, 3);
insert into charValue (profileId, charId, charVal, importance) values(43, 6, 4, 2);
insert into charValue (profileId, charId, charVal, importance) values(44, 6, 7, 4);
insert into charValue (profileId, charId, charVal, importance) values(45, 6, 2, 2);
insert into charValue (profileId, charId, charVal, importance) values(46, 6, 3, 4);
insert into charValue (profileId, charId, charVal, importance) values(47, 6, 4, 0);
insert into charValue (profileId, charId, charVal, importance) values(48, 6, 5, 2);
insert into charValue (profileId, charId, charVal, importance) values(49, 6, 5, 4);
insert into charValue (profileId, charId, charVal, importance) values(50, 6, 4, 2);

insert into charValue (profileId, charId, charVal, importance) values(1, 7, 1, 7);
insert into charValue (profileId, charId, charVal, importance) values(2, 7, 4, 5);
insert into charValue (profileId, charId, charVal, importance) values(3, 7, 2, 0);
insert into charValue (profileId, charId, charVal, importance) values(4, 7, 4, 5);
insert into charValue (profileId, charId, charVal, importance) values(5, 7, 4, 3);
insert into charValue (profileId, charId, charVal, importance) values(6, 7, 4, 3);
insert into charValue (profileId, charId, charVal, importance) values(7, 7, 5, 2);
insert into charValue (profileId, charId, charVal, importance) values(8, 7, 3, 5);
insert into charValue (profileId, charId, charVal, importance) values(9, 7, 4, 2);
insert into charValue (profileId, charId, charVal, importance) values(10, 7, 4, 6);
insert into charValue (profileId, charId, charVal, importance) values(11, 7, 4, 1);
insert into charValue (profileId, charId, charVal, importance) values(12, 7, 4, 6);
insert into charValue (profileId, charId, charVal, importance) values(13, 7, 4, 3);
insert into charValue (profileId, charId, charVal, importance) values(14, 7, 3, 4);
insert into charValue (profileId, charId, charVal, importance) values(15, 7, 4, 6);
insert into charValue (profileId, charId, charVal, importance) values(16, 7, 4, 3);
insert into charValue (profileId, charId, charVal, importance) values(17, 7, 3, 3);
insert into charValue (profileId, charId, charVal, importance) values(18, 7, 1, 3);
insert into charValue (profileId, charId, charVal, importance) values(19, 7, 7, 7);
insert into charValue (profileId, charId, charVal, importance) values(20, 7, 4, 1);
insert into charValue (profileId, charId, charVal, importance) values(21, 7, 4, 2);
insert into charValue (profileId, charId, charVal, importance) values(22, 7, 4, 2);
insert into charValue (profileId, charId, charVal, importance) values(23, 7, 1, 2);
insert into charValue (profileId, charId, charVal, importance) values(24, 7, 4, 1);
insert into charValue (profileId, charId, charVal, importance) values(25, 7, 4, 1);
insert into charValue (profileId, charId, charVal, importance) values(26, 7, 1, 7);
insert into charValue (profileId, charId, charVal, importance) values(27, 7, 5, 0);
insert into charValue (profileId, charId, charVal, importance) values(28, 7, 1, 6);
insert into charValue (profileId, charId, charVal, importance) values(29, 7, 4, 4);
insert into charValue (profileId, charId, charVal, importance) values(30, 7, 4, 4);
insert into charValue (profileId, charId, charVal, importance) values(31, 7, 7, 5);
insert into charValue (profileId, charId, charVal, importance) values(32, 7, 3, 4);
insert into charValue (profileId, charId, charVal, importance) values(33, 7, 1, 0);
insert into charValue (profileId, charId, charVal, importance) values(34, 7, 4, 4);
insert into charValue (profileId, charId, charVal, importance) values(35, 7, 4, 2);
insert into charValue (profileId, charId, charVal, importance) values(36, 7, 4, 4);
insert into charValue (profileId, charId, charVal, importance) values(37, 7, 5, 3);
insert into charValue (profileId, charId, charVal, importance) values(38, 7, 3, 0);
insert into charValue (profileId, charId, charVal, importance) values(39, 7, 4, 1);
insert into charValue (profileId, charId, charVal, importance) values(40, 7, 4, 7);
insert into charValue (profileId, charId, charVal, importance) values(41, 7, 4, 2);
insert into charValue (profileId, charId, charVal, importance) values(42, 7, 4, 2);
insert into charValue (profileId, charId, charVal, importance) values(43, 7, 1, 1);
insert into charValue (profileId, charId, charVal, importance) values(44, 7, 2, 2);
insert into charValue (profileId, charId, charVal, importance) values(45, 7, 7, 5);
insert into charValue (profileId, charId, charVal, importance) values(46, 7, 4, 3);
insert into charValue (profileId, charId, charVal, importance) values(47, 7, 3, 5);
insert into charValue (profileId, charId, charVal, importance) values(48, 7, 1, 1);
insert into charValue (profileId, charId, charVal, importance) values(49, 7, 4, 5);
insert into charValue (profileId, charId, charVal, importance) values(50, 7, 4, 6);

insert into charValue (profileId, charId, charVal, importance) values(1, 8, 4, 3);
insert into charValue (profileId, charId, charVal, importance) values(2, 8, 1, 5);
insert into charValue (profileId, charId, charVal, importance) values(3, 8, 4, 3);
insert into charValue (profileId, charId, charVal, importance) values(4, 8, 4, 2);
insert into charValue (profileId, charId, charVal, importance) values(5, 8, 4, 5);
insert into charValue (profileId, charId, charVal, importance) values(6, 8, 5, 0);
insert into charValue (profileId, charId, charVal, importance) values(7, 8, 1, 5);
insert into charValue (profileId, charId, charVal, importance) values(8, 8, 4, 6);
insert into charValue (profileId, charId, charVal, importance) values(9, 8, 3, 5);
insert into charValue (profileId, charId, charVal, importance) values(10, 8, 4, 1);
insert into charValue (profileId, charId, charVal, importance) values(11, 8, 4, 3);
insert into charValue (profileId, charId, charVal, importance) values(12, 8, 1, 1);
insert into charValue (profileId, charId, charVal, importance) values(13, 8, 4, 4);
insert into charValue (profileId, charId, charVal, importance) values(14, 8, 4, 4);
insert into charValue (profileId, charId, charVal, importance) values(15, 8, 3, 5);
insert into charValue (profileId, charId, charVal, importance) values(16, 8, 5, 5);
insert into charValue (profileId, charId, charVal, importance) values(17, 8, 1, 6);
insert into charValue (profileId, charId, charVal, importance) values(18, 8, 3, 0);
insert into charValue (profileId, charId, charVal, importance) values(19, 8, 7, 0);
insert into charValue (profileId, charId, charVal, importance) values(20, 8, 4, 2);
insert into charValue (profileId, charId, charVal, importance) values(21, 8, 4, 7);
insert into charValue (profileId, charId, charVal, importance) values(22, 8, 1, 7);
insert into charValue (profileId, charId, charVal, importance) values(23, 8, 4, 1);
insert into charValue (profileId, charId, charVal, importance) values(24, 8, 4, 2);
insert into charValue (profileId, charId, charVal, importance) values(25, 8, 4, 3);
insert into charValue (profileId, charId, charVal, importance) values(26, 8, 1, 7);
insert into charValue (profileId, charId, charVal, importance) values(27, 8, 1, 2);
insert into charValue (profileId, charId, charVal, importance) values(28, 8, 4, 0);
insert into charValue (profileId, charId, charVal, importance) values(29, 8, 4, 7);
insert into charValue (profileId, charId, charVal, importance) values(30, 8, 4, 7);
insert into charValue (profileId, charId, charVal, importance) values(31, 8, 7, 6);
insert into charValue (profileId, charId, charVal, importance) values(32, 8, 4, 0);
insert into charValue (profileId, charId, charVal, importance) values(33, 8, 4, 2);
insert into charValue (profileId, charId, charVal, importance) values(34, 8, 4, 6);
insert into charValue (profileId, charId, charVal, importance) values(35, 8, 4, 5);
insert into charValue (profileId, charId, charVal, importance) values(36, 8, 5, 0);
insert into charValue (profileId, charId, charVal, importance) values(37, 8, 1, 7);
insert into charValue (profileId, charId, charVal, importance) values(38, 8, 4, 7);
insert into charValue (profileId, charId, charVal, importance) values(39, 8, 3, 4);
insert into charValue (profileId, charId, charVal, importance) values(40, 8, 4, 5);
insert into charValue (profileId, charId, charVal, importance) values(41, 8, 4, 6);
insert into charValue (profileId, charId, charVal, importance) values(42, 8, 1, 5);
insert into charValue (profileId, charId, charVal, importance) values(43, 8, 2, 1);
insert into charValue (profileId, charId, charVal, importance) values(44, 8, 4, 0);
insert into charValue (profileId, charId, charVal, importance) values(45, 8, 4, 3);
insert into charValue (profileId, charId, charVal, importance) values(46, 8, 7, 5);
insert into charValue (profileId, charId, charVal, importance) values(47, 8, 1, 2);
insert into charValue (profileId, charId, charVal, importance) values(48, 8, 3, 7);
insert into charValue (profileId, charId, charVal, importance) values(49, 8, 4, 2);
insert into charValue (profileId, charId, charVal, importance) values(50, 8, 4, 1);

insert into charValue (profileId, charId, charVal, importance) values(1, 9, 3, 7);
insert into charValue (profileId, charId, charVal, importance) values(2, 9, 2, 1);
insert into charValue (profileId, charId, charVal, importance) values(3, 9, 1, 3);
insert into charValue (profileId, charId, charVal, importance) values(4, 9, 3, 0);
insert into charValue (profileId, charId, charVal, importance) values(5, 9, 5, 4);
insert into charValue (profileId, charId, charVal, importance) values(6, 9, 5, 2);
insert into charValue (profileId, charId, charVal, importance) values(7, 9, 3, 2);
insert into charValue (profileId, charId, charVal, importance) values(8, 9, 3, 5);
insert into charValue (profileId, charId, charVal, importance) values(9, 9, 3, 6);
insert into charValue (profileId, charId, charVal, importance) values(10, 9, 3, 4);
insert into charValue (profileId, charId, charVal, importance) values(11, 9, 3, 4);
insert into charValue (profileId, charId, charVal, importance) values(12, 9, 3, 3);
insert into charValue (profileId, charId, charVal, importance) values(13, 9, 4, 0);
insert into charValue (profileId, charId, charVal, importance) values(14, 9, 3, 7);
insert into charValue (profileId, charId, charVal, importance) values(15, 9, 3, 0);
insert into charValue (profileId, charId, charVal, importance) values(16, 9, 5, 1);
insert into charValue (profileId, charId, charVal, importance) values(17, 9, 3, 4);
insert into charValue (profileId, charId, charVal, importance) values(18, 9, 3, 0);
insert into charValue (profileId, charId, charVal, importance) values(19, 9, 7, 4);
insert into charValue (profileId, charId, charVal, importance) values(20, 9, 3, 3);
insert into charValue (profileId, charId, charVal, importance) values(21, 9, 3, 2);
insert into charValue (profileId, charId, charVal, importance) values(22, 9, 3, 1);
insert into charValue (profileId, charId, charVal, importance) values(23, 9, 3, 1);
insert into charValue (profileId, charId, charVal, importance) values(24, 9, 3, 3);
insert into charValue (profileId, charId, charVal, importance) values(25, 9, 5, 5);
insert into charValue (profileId, charId, charVal, importance) values(26, 9, 1, 4);
insert into charValue (profileId, charId, charVal, importance) values(27, 9, 3, 5);
insert into charValue (profileId, charId, charVal, importance) values(28, 9, 3, 4);
insert into charValue (profileId, charId, charVal, importance) values(29, 9, 3, 5);
insert into charValue (profileId, charId, charVal, importance) values(30, 9, 7, 2);
insert into charValue (profileId, charId, charVal, importance) values(31, 9, 3, 6);
insert into charValue (profileId, charId, charVal, importance) values(32, 9, 3, 1);
insert into charValue (profileId, charId, charVal, importance) values(33, 9, 3, 7);
insert into charValue (profileId, charId, charVal, importance) values(34, 9, 3, 3);
insert into charValue (profileId, charId, charVal, importance) values(35, 9, 5, 2);
insert into charValue (profileId, charId, charVal, importance) values(36, 9, 5, 3);
insert into charValue (profileId, charId, charVal, importance) values(37, 9, 3, 7);
insert into charValue (profileId, charId, charVal, importance) values(38, 9, 3, 2);
insert into charValue (profileId, charId, charVal, importance) values(39, 9, 3, 6);
insert into charValue (profileId, charId, charVal, importance) values(40, 9, 3, 4);
insert into charValue (profileId, charId, charVal, importance) values(41, 9, 3, 1);
insert into charValue (profileId, charId, charVal, importance) values(42, 9, 2, 7);
insert into charValue (profileId, charId, charVal, importance) values(43, 9, 3, 6);
insert into charValue (profileId, charId, charVal, importance) values(44, 9, 3, 4);
insert into charValue (profileId, charId, charVal, importance) values(45, 9, 5, 0);
insert into charValue (profileId, charId, charVal, importance) values(46, 9, 7, 7);
insert into charValue (profileId, charId, charVal, importance) values(47, 9, 3, 1);
insert into charValue (profileId, charId, charVal, importance) values(48, 9, 3, 2);
insert into charValue (profileId, charId, charVal, importance) values(49, 9, 3, 3);
insert into charValue (profileId, charId, charVal, importance) values(50, 9, 3, 2);

insert into charValue (profileId, charId, charVal, importance) values(1, 10, 1, 4);
insert into charValue (profileId, charId, charVal, importance) values(2, 10, 3, 4);
insert into charValue (profileId, charId, charVal, importance) values(3, 10, 3, 5);
insert into charValue (profileId, charId, charVal, importance) values(4, 10, 1, 0);
insert into charValue (profileId, charId, charVal, importance) values(5, 10, 3, 6);
insert into charValue (profileId, charId, charVal, importance) values(6, 10, 1, 6);
insert into charValue (profileId, charId, charVal, importance) values(7, 10, 5, 4);
insert into charValue (profileId, charId, charVal, importance) values(8, 10, 3, 2);
insert into charValue (profileId, charId, charVal, importance) values(9, 10, 3, 1);
insert into charValue (profileId, charId, charVal, importance) values(10, 10, 3, 0);
insert into charValue (profileId, charId, charVal, importance) values(11, 10, 3, 4);
insert into charValue (profileId, charId, charVal, importance) values(12, 10, 3, 2);
insert into charValue (profileId, charId, charVal, importance) values(13, 10, 4, 7);
insert into charValue (profileId, charId, charVal, importance) values(14, 10, 3, 3);
insert into charValue (profileId, charId, charVal, importance) values(15, 10, 3, 5);
insert into charValue (profileId, charId, charVal, importance) values(16, 10, 3, 2);
insert into charValue (profileId, charId, charVal, importance) values(17, 10, 5, 7);
insert into charValue (profileId, charId, charVal, importance) values(18, 10, 3, 2);
insert into charValue (profileId, charId, charVal, importance) values(19, 10, 7, 1);
insert into charValue (profileId, charId, charVal, importance) values(20, 10, 3, 1);
insert into charValue (profileId, charId, charVal, importance) values(21, 10, 3, 4);
insert into charValue (profileId, charId, charVal, importance) values(22, 10, 3, 2);
insert into charValue (profileId, charId, charVal, importance) values(23, 10, 3, 4);
insert into charValue (profileId, charId, charVal, importance) values(24, 10, 3, 0);
insert into charValue (profileId, charId, charVal, importance) values(25, 10, 3, 5);
insert into charValue (profileId, charId, charVal, importance) values(26, 10, 1, 4);
insert into charValue (profileId, charId, charVal, importance) values(27, 10, 5, 4);
insert into charValue (profileId, charId, charVal, importance) values(28, 10, 3, 7);
insert into charValue (profileId, charId, charVal, importance) values(29, 10, 7, 0);
insert into charValue (profileId, charId, charVal, importance) values(30, 10, 3, 6);
insert into charValue (profileId, charId, charVal, importance) values(31, 10, 1, 6);
insert into charValue (profileId, charId, charVal, importance) values(32, 10, 4, 7);
insert into charValue (profileId, charId, charVal, importance) values(33, 10, 3, 7);
insert into charValue (profileId, charId, charVal, importance) values(34, 10, 3, 7);
insert into charValue (profileId, charId, charVal, importance) values(35, 10, 3, 3);
insert into charValue (profileId, charId, charVal, importance) values(36, 10, 1, 6);
insert into charValue (profileId, charId, charVal, importance) values(37, 10, 5, 1);
insert into charValue (profileId, charId, charVal, importance) values(38, 10, 3, 3);
insert into charValue (profileId, charId, charVal, importance) values(39, 10, 3, 5);
insert into charValue (profileId, charId, charVal, importance) values(40, 10, 3, 4);
insert into charValue (profileId, charId, charVal, importance) values(41, 10, 2, 3);
insert into charValue (profileId, charId, charVal, importance) values(42, 10, 3, 6);
insert into charValue (profileId, charId, charVal, importance) values(43, 10, 3, 5);
insert into charValue (profileId, charId, charVal, importance) values(44, 10, 3, 0);
insert into charValue (profileId, charId, charVal, importance) values(45, 10, 3, 7);
insert into charValue (profileId, charId, charVal, importance) values(46, 10, 1, 5);
insert into charValue (profileId, charId, charVal, importance) values(47, 10, 7, 3);
insert into charValue (profileId, charId, charVal, importance) values(48, 10, 3, 0);
insert into charValue (profileId, charId, charVal, importance) values(49, 10, 3, 1);
insert into charValue (profileId, charId, charVal, importance) values(50, 10, 3, 7);

insert into charValue (profileId, charId, charVal, importance) values(1, 11, 2, 4);
insert into charValue (profileId, charId, charVal, importance) values(2, 11, 3, 7);
insert into charValue (profileId, charId, charVal, importance) values(3, 11, 1, 7);
insert into charValue (profileId, charId, charVal, importance) values(4, 11, 3, 5);
insert into charValue (profileId, charId, charVal, importance) values(5, 11, 1, 6);
insert into charValue (profileId, charId, charVal, importance) values(6, 11, 3, 7);
insert into charValue (profileId, charId, charVal, importance) values(7, 11, 3, 4);
insert into charValue (profileId, charId, charVal, importance) values(8, 11, 5, 1);
insert into charValue (profileId, charId, charVal, importance) values(9, 11, 3, 5);
insert into charValue (profileId, charId, charVal, importance) values(10, 11, 3, 6);
insert into charValue (profileId, charId, charVal, importance) values(11, 11, 3, 6);
insert into charValue (profileId, charId, charVal, importance) values(12, 11, 3, 7);
insert into charValue (profileId, charId, charVal, importance) values(13, 11, 4, 0);
insert into charValue (profileId, charId, charVal, importance) values(14, 11, 3, 3);
insert into charValue (profileId, charId, charVal, importance) values(15, 11, 3, 4);
insert into charValue (profileId, charId, charVal, importance) values(16, 11, 3, 5);
insert into charValue (profileId, charId, charVal, importance) values(17, 11, 3, 6);
insert into charValue (profileId, charId, charVal, importance) values(18, 11, 5, 2);
insert into charValue (profileId, charId, charVal, importance) values(19, 11, 7, 3);
insert into charValue (profileId, charId, charVal, importance) values(20, 11, 3, 2);
insert into charValue (profileId, charId, charVal, importance) values(21, 11, 3, 2);
insert into charValue (profileId, charId, charVal, importance) values(22, 11, 3, 1);
insert into charValue (profileId, charId, charVal, importance) values(23, 11, 1, 7);
insert into charValue (profileId, charId, charVal, importance) values(24, 11, 3, 3);
insert into charValue (profileId, charId, charVal, importance) values(25, 11, 3, 0);
insert into charValue (profileId, charId, charVal, importance) values(26, 11, 1, 5);
insert into charValue (profileId, charId, charVal, importance) values(27, 11, 3, 0);
insert into charValue (profileId, charId, charVal, importance) values(28, 11, 7, 3);
insert into charValue (profileId, charId, charVal, importance) values(29, 11, 3, 2);
insert into charValue (profileId, charId, charVal, importance) values(30, 11, 3, 0);
insert into charValue (profileId, charId, charVal, importance) values(31, 11, 3, 1);
insert into charValue (profileId, charId, charVal, importance) values(32, 11, 3, 7);
insert into charValue (profileId, charId, charVal, importance) values(33, 11, 1, 2);
insert into charValue (profileId, charId, charVal, importance) values(34, 11, 3, 1);
insert into charValue (profileId, charId, charVal, importance) values(35, 11, 3, 1);
insert into charValue (profileId, charId, charVal, importance) values(36, 11, 3, 5);
insert into charValue (profileId, charId, charVal, importance) values(37, 11, 3, 7);
insert into charValue (profileId, charId, charVal, importance) values(38, 11, 5, 5);
insert into charValue (profileId, charId, charVal, importance) values(39, 11, 3, 1);
insert into charValue (profileId, charId, charVal, importance) values(40, 11, 2, 3);
insert into charValue (profileId, charId, charVal, importance) values(41, 11, 3, 5);
insert into charValue (profileId, charId, charVal, importance) values(42, 11, 3, 1);
insert into charValue (profileId, charId, charVal, importance) values(43, 11, 1, 1);
insert into charValue (profileId, charId, charVal, importance) values(44, 11, 3, 1);
insert into charValue (profileId, charId, charVal, importance) values(45, 11, 3, 1);
insert into charValue (profileId, charId, charVal, importance) values(46, 11, 3, 1);
insert into charValue (profileId, charId, charVal, importance) values(47, 11, 3, 5);
insert into charValue (profileId, charId, charVal, importance) values(48, 11, 7, 7);
insert into charValue (profileId, charId, charVal, importance) values(49, 11, 3, 7);
insert into charValue (profileId, charId, charVal, importance) values(50, 11, 3, 2);

insert into charValue (profileId, charId, charVal, importance) values(1, 12, 3, 4);
insert into charValue (profileId, charId, charVal, importance) values(2, 12, 3, 5);
insert into charValue (profileId, charId, charVal, importance) values(3, 12, 3, 4);
insert into charValue (profileId, charId, charVal, importance) values(4, 12, 1, 1);
insert into charValue (profileId, charId, charVal, importance) values(5, 12, 3, 6);
insert into charValue (profileId, charId, charVal, importance) values(6, 12, 1, 1);
insert into charValue (profileId, charId, charVal, importance) values(7, 12, 1, 4);
insert into charValue (profileId, charId, charVal, importance) values(8, 12, 3, 0);
insert into charValue (profileId, charId, charVal, importance) values(9, 12, 5, 0);
insert into charValue (profileId, charId, charVal, importance) values(10, 12, 3, 7);
insert into charValue (profileId, charId, charVal, importance) values(11, 12, 3, 4);
insert into charValue (profileId, charId, charVal, importance) values(12, 12, 3, 2);
insert into charValue (profileId, charId, charVal, importance) values(13, 12, 4, 5);
insert into charValue (profileId, charId, charVal, importance) values(14, 12, 3, 6);
insert into charValue (profileId, charId, charVal, importance) values(15, 12, 3, 3);
insert into charValue (profileId, charId, charVal, importance) values(16, 12, 3, 7);
insert into charValue (profileId, charId, charVal, importance) values(17, 12, 3, 2);
insert into charValue (profileId, charId, charVal, importance) values(18, 12, 3, 0);
insert into charValue (profileId, charId, charVal, importance) values(19, 12, 7, 6);
insert into charValue (profileId, charId, charVal, importance) values(20, 12, 3, 3);
insert into charValue (profileId, charId, charVal, importance) values(21, 12, 3, 2);
insert into charValue (profileId, charId, charVal, importance) values(22, 12, 3, 7);
insert into charValue (profileId, charId, charVal, importance) values(23, 12, 3, 6);
insert into charValue (profileId, charId, charVal, importance) values(24, 12, 1, 7);
insert into charValue (profileId, charId, charVal, importance) values(25, 12, 3, 6);
insert into charValue (profileId, charId, charVal, importance) values(26, 12, 1, 3);
insert into charValue (profileId, charId, charVal, importance) values(27, 12, 7, 0);
insert into charValue (profileId, charId, charVal, importance) values(28, 12, 3, 0);
insert into charValue (profileId, charId, charVal, importance) values(29, 12, 5, 3);
insert into charValue (profileId, charId, charVal, importance) values(30, 12, 3, 1);
insert into charValue (profileId, charId, charVal, importance) values(31, 12, 3, 0);
insert into charValue (profileId, charId, charVal, importance) values(32, 12, 4, 7);
insert into charValue (profileId, charId, charVal, importance) values(33, 12, 3, 1);
insert into charValue (profileId, charId, charVal, importance) values(34, 12, 1, 6);
insert into charValue (profileId, charId, charVal, importance) values(35, 12, 3, 2);
insert into charValue (profileId, charId, charVal, importance) values(36, 12, 3, 3);
insert into charValue (profileId, charId, charVal, importance) values(37, 12, 3, 2);
insert into charValue (profileId, charId, charVal, importance) values(38, 12, 3, 3);
insert into charValue (profileId, charId, charVal, importance) values(39, 12, 2, 7);
insert into charValue (profileId, charId, charVal, importance) values(40, 12, 3, 4);
insert into charValue (profileId, charId, charVal, importance) values(41, 12, 3, 5);
insert into charValue (profileId, charId, charVal, importance) values(42, 12, 3, 5);
insert into charValue (profileId, charId, charVal, importance) values(43, 12, 3, 7);
insert into charValue (profileId, charId, charVal, importance) values(44, 12, 3, 7);
insert into charValue (profileId, charId, charVal, importance) values(45, 12, 3, 6);
insert into charValue (profileId, charId, charVal, importance) values(46, 12, 3, 5);
insert into charValue (profileId, charId, charVal, importance) values(47, 12, 3, 0);
insert into charValue (profileId, charId, charVal, importance) values(48, 12, 3, 5);
insert into charValue (profileId, charId, charVal, importance) values(49, 12, 7, 2);
insert into charValue (profileId, charId, charVal, importance) values(50, 12, 3, 2);

insert into charValue (profileId, charId, charVal, importance) values(1, 13, 3, 7);
insert into charValue (profileId, charId, charVal, importance) values(2, 13, 3, 4);
insert into charValue (profileId, charId, charVal, importance) values(3, 13, 3, 5);
insert into charValue (profileId, charId, charVal, importance) values(4, 13, 3, 0);
insert into charValue (profileId, charId, charVal, importance) values(5, 13, 1, 3);
insert into charValue (profileId, charId, charVal, importance) values(6, 13, 3, 5);
insert into charValue (profileId, charId, charVal, importance) values(7, 13, 1, 6);
insert into charValue (profileId, charId, charVal, importance) values(8, 13, 3, 2);
insert into charValue (profileId, charId, charVal, importance) values(9, 13, 3, 6);
insert into charValue (profileId, charId, charVal, importance) values(10, 13, 1, 4);
insert into charValue (profileId, charId, charVal, importance) values(11, 13, 3, 2);
insert into charValue (profileId, charId, charVal, importance) values(12, 13, 3, 6);
insert into charValue (profileId, charId, charVal, importance) values(13, 13, 4, 7);
insert into charValue (profileId, charId, charVal, importance) values(14, 13, 3, 0);
insert into charValue (profileId, charId, charVal, importance) values(15, 13, 1, 1);
insert into charValue (profileId, charId, charVal, importance) values(16, 13, 3, 7);
insert into charValue (profileId, charId, charVal, importance) values(17, 13, 3, 0);
insert into charValue (profileId, charId, charVal, importance) values(18, 13, 3, 5);
insert into charValue (profileId, charId, charVal, importance) values(19, 13, 7, 1);
insert into charValue (profileId, charId, charVal, importance) values(20, 13, 3, 6);
insert into charValue (profileId, charId, charVal, importance) values(21, 13, 3, 2);
insert into charValue (profileId, charId, charVal, importance) values(22, 13, 3, 4);
insert into charValue (profileId, charId, charVal, importance) values(23, 13, 3, 4);
insert into charValue (profileId, charId, charVal, importance) values(24, 13, 3, 7);
insert into charValue (profileId, charId, charVal, importance) values(25, 13, 7, 3);
insert into charValue (profileId, charId, charVal, importance) values(26, 13, 1, 1);
insert into charValue (profileId, charId, charVal, importance) values(27, 13, 3, 1);
insert into charValue (profileId, charId, charVal, importance) values(28, 13, 3, 1);
insert into charValue (profileId, charId, charVal, importance) values(29, 13, 3, 3);
insert into charValue (profileId, charId, charVal, importance) values(30, 13, 1, 3);
insert into charValue (profileId, charId, charVal, importance) values(31, 13, 3, 6);
insert into charValue (profileId, charId, charVal, importance) values(32, 13, 3, 6);
insert into charValue (profileId, charId, charVal, importance) values(33, 13, 3, 3);
insert into charValue (profileId, charId, charVal, importance) values(34, 13, 3, 6);
insert into charValue (profileId, charId, charVal, importance) values(35, 13, 1, 4);
insert into charValue (profileId, charId, charVal, importance) values(36, 13, 3, 3);
insert into charValue (profileId, charId, charVal, importance) values(37, 13, 3, 2);
insert into charValue (profileId, charId, charVal, importance) values(38, 13, 2, 1);
insert into charValue (profileId, charId, charVal, importance) values(39, 13, 3, 1);
insert into charValue (profileId, charId, charVal, importance) values(40, 13, 1, 2);
insert into charValue (profileId, charId, charVal, importance) values(41, 13, 3, 6);
insert into charValue (profileId, charId, charVal, importance) values(42, 13, 3, 5);
insert into charValue (profileId, charId, charVal, importance) values(43, 13, 3, 7);
insert into charValue (profileId, charId, charVal, importance) values(44, 13, 3, 7);
insert into charValue (profileId, charId, charVal, importance) values(45, 13, 1, 2);
insert into charValue (profileId, charId, charVal, importance) values(46, 13, 3, 6);
insert into charValue (profileId, charId, charVal, importance) values(47, 13, 3, 4);
insert into charValue (profileId, charId, charVal, importance) values(48, 13, 3, 3);
insert into charValue (profileId, charId, charVal, importance) values(49, 13, 3, 7);
insert into charValue (profileId, charId, charVal, importance) values(50, 13, 7, 3);

insert into charValue (profileId, charId, charVal, importance) values(1, 14, 3, 5);
insert into charValue (profileId, charId, charVal, importance) values(2, 14, 3, 6);
insert into charValue (profileId, charId, charVal, importance) values(3, 14, 3, 2);
insert into charValue (profileId, charId, charVal, importance) values(4, 14, 1, 3);
insert into charValue (profileId, charId, charVal, importance) values(5, 14, 3, 7);
insert into charValue (profileId, charId, charVal, importance) values(6, 14, 3, 5);
insert into charValue (profileId, charId, charVal, importance) values(7, 14, 3, 4);
insert into charValue (profileId, charId, charVal, importance) values(8, 14, 1, 3);
insert into charValue (profileId, charId, charVal, importance) values(9, 14, 5, 6);
insert into charValue (profileId, charId, charVal, importance) values(10, 14, 3, 5);
insert into charValue (profileId, charId, charVal, importance) values(11, 14, 3, 7);
insert into charValue (profileId, charId, charVal, importance) values(12, 14, 3, 1);
insert into charValue (profileId, charId, charVal, importance) values(13, 14, 4, 0);
insert into charValue (profileId, charId, charVal, importance) values(14, 14, 1, 5);
insert into charValue (profileId, charId, charVal, importance) values(15, 14, 3, 4);
insert into charValue (profileId, charId, charVal, importance) values(16, 14, 3, 7);
insert into charValue (profileId, charId, charVal, importance) values(17, 14, 3, 4);
insert into charValue (profileId, charId, charVal, importance) values(18, 14, 5, 4);
insert into charValue (profileId, charId, charVal, importance) values(19, 14, 7, 0);
insert into charValue (profileId, charId, charVal, importance) values(20, 14, 3, 2);
insert into charValue (profileId, charId, charVal, importance) values(21, 14, 3, 2);
insert into charValue (profileId, charId, charVal, importance) values(22, 14, 3, 6);
insert into charValue (profileId, charId, charVal, importance) values(23, 14, 3, 3);
insert into charValue (profileId, charId, charVal, importance) values(24, 14, 7, 7);
insert into charValue (profileId, charId, charVal, importance) values(25, 14, 3, 0);
insert into charValue (profileId, charId, charVal, importance) values(26, 14, 1, 3);
insert into charValue (profileId, charId, charVal, importance) values(27, 14, 3, 4);
insert into charValue (profileId, charId, charVal, importance) values(28, 14, 5, 1);
insert into charValue (profileId, charId, charVal, importance) values(29, 14, 5, 2);
insert into charValue (profileId, charId, charVal, importance) values(30, 14, 3, 5);
insert into charValue (profileId, charId, charVal, importance) values(31, 14, 3, 0);
insert into charValue (profileId, charId, charVal, importance) values(32, 14, 3, 5);
insert into charValue (profileId, charId, charVal, importance) values(33, 14, 3, 2);
insert into charValue (profileId, charId, charVal, importance) values(34, 14, 1, 5);
insert into charValue (profileId, charId, charVal, importance) values(35, 14, 3, 6);
insert into charValue (profileId, charId, charVal, importance) values(36, 14, 3, 7);
insert into charValue (profileId, charId, charVal, importance) values(37, 14, 2, 7);
insert into charValue (profileId, charId, charVal, importance) values(38, 14, 5, 1);
insert into charValue (profileId, charId, charVal, importance) values(39, 14, 5, 2);
insert into charValue (profileId, charId, charVal, importance) values(40, 14, 3, 0);
insert into charValue (profileId, charId, charVal, importance) values(41, 14, 3, 1);
insert into charValue (profileId, charId, charVal, importance) values(42, 14, 3, 7);
insert into charValue (profileId, charId, charVal, importance) values(43, 14, 3, 2);
insert into charValue (profileId, charId, charVal, importance) values(44, 14, 1, 7);
insert into charValue (profileId, charId, charVal, importance) values(45, 14, 3, 1);
insert into charValue (profileId, charId, charVal, importance) values(46, 14, 3, 3);
insert into charValue (profileId, charId, charVal, importance) values(47, 14, 3, 6);
insert into charValue (profileId, charId, charVal, importance) values(48, 14, 5, 7);
insert into charValue (profileId, charId, charVal, importance) values(49, 14, 5, 1);
insert into charValue (profileId, charId, charVal, importance) values(50, 14, 3, 3);

insert into charValue (profileId, charId, charVal, importance) values(1, 15, 3, 7);
insert into charValue (profileId, charId, charVal, importance) values(2, 15, 3, 5);
insert into charValue (profileId, charId, charVal, importance) values(3, 15, 1, 4);
insert into charValue (profileId, charId, charVal, importance) values(4, 15, 3, 2);
insert into charValue (profileId, charId, charVal, importance) values(5, 15, 3, 3);
insert into charValue (profileId, charId, charVal, importance) values(6, 15, 3, 2);
insert into charValue (profileId, charId, charVal, importance) values(7, 15, 5, 3);
insert into charValue (profileId, charId, charVal, importance) values(8, 15, 1, 2);
insert into charValue (profileId, charId, charVal, importance) values(9, 15, 1, 3);
insert into charValue (profileId, charId, charVal, importance) values(10, 15, 3, 4);
insert into charValue (profileId, charId, charVal, importance) values(11, 15, 3, 1);
insert into charValue (profileId, charId, charVal, importance) values(12, 15, 3, 1);
insert into charValue (profileId, charId, charVal, importance) values(13, 15, 1, 0);
insert into charValue (profileId, charId, charVal, importance) values(14, 15, 3, 2);
insert into charValue (profileId, charId, charVal, importance) values(15, 15, 3, 7);
insert into charValue (profileId, charId, charVal, importance) values(16, 15, 3, 0);
insert into charValue (profileId, charId, charVal, importance) values(17, 15, 5, 1);
insert into charValue (profileId, charId, charVal, importance) values(18, 15, 1, 0);
insert into charValue (profileId, charId, charVal, importance) values(19, 15, 7, 3);
insert into charValue (profileId, charId, charVal, importance) values(20, 15, 3, 7);
insert into charValue (profileId, charId, charVal, importance) values(21, 15, 3, 5);
insert into charValue (profileId, charId, charVal, importance) values(22, 15, 3, 6);
insert into charValue (profileId, charId, charVal, importance) values(23, 15, 1, 1);
insert into charValue (profileId, charId, charVal, importance) values(24, 15, 3, 3);
insert into charValue (profileId, charId, charVal, importance) values(25, 15, 3, 7);
insert into charValue (profileId, charId, charVal, importance) values(26, 15, 1, 4);
insert into charValue (profileId, charId, charVal, importance) values(27, 15, 5, 4);
insert into charValue (profileId, charId, charVal, importance) values(28, 15, 1, 0);
insert into charValue (profileId, charId, charVal, importance) values(29, 15, 3, 0);
insert into charValue (profileId, charId, charVal, importance) values(30, 15, 3, 7);
insert into charValue (profileId, charId, charVal, importance) values(31, 15, 3, 3);
insert into charValue (profileId, charId, charVal, importance) values(32, 15, 3, 0);
insert into charValue (profileId, charId, charVal, importance) values(33, 15, 1, 3);
insert into charValue (profileId, charId, charVal, importance) values(34, 15, 3, 4);
insert into charValue (profileId, charId, charVal, importance) values(35, 15, 3, 4);
insert into charValue (profileId, charId, charVal, importance) values(36, 15, 3, 2);
insert into charValue (profileId, charId, charVal, importance) values(37, 15, 2, 1);
insert into charValue (profileId, charId, charVal, importance) values(38, 15, 1, 2);
insert into charValue (profileId, charId, charVal, importance) values(39, 15, 3, 5);
insert into charValue (profileId, charId, charVal, importance) values(40, 15, 3, 2);
insert into charValue (profileId, charId, charVal, importance) values(41, 15, 3, 6);
insert into charValue (profileId, charId, charVal, importance) values(42, 15, 3, 5);
insert into charValue (profileId, charId, charVal, importance) values(43, 15, 1, 6);
insert into charValue (profileId, charId, charVal, importance) values(44, 15, 3, 4);
insert into charValue (profileId, charId, charVal, importance) values(45, 15, 3, 4);
insert into charValue (profileId, charId, charVal, importance) values(46, 15, 3, 7);
insert into charValue (profileId, charId, charVal, importance) values(47, 15, 5, 7);
insert into charValue (profileId, charId, charVal, importance) values(48, 15, 1, 3);
insert into charValue (profileId, charId, charVal, importance) values(49, 15, 3, 0);
insert into charValue (profileId, charId, charVal, importance) values(50, 15, 3, 0);

insert into charValue (profileId, charId, charVal, importance) values(1, 16, 2, 1);
insert into charValue (profileId, charId, charVal, importance) values(2, 16, 1, 5);
insert into charValue (profileId, charId, charVal, importance) values(3, 16, 2, 4);
insert into charValue (profileId, charId, charVal, importance) values(4, 16, 2, 3);
insert into charValue (profileId, charId, charVal, importance) values(5, 16, 2, 5);
insert into charValue (profileId, charId, charVal, importance) values(6, 16, 5, 0);
insert into charValue (profileId, charId, charVal, importance) values(7, 16, 1, 5);
insert into charValue (profileId, charId, charVal, importance) values(8, 16, 2, 4);
insert into charValue (profileId, charId, charVal, importance) values(9, 16, 2, 3);
insert into charValue (profileId, charId, charVal, importance) values(10, 16, 1, 0);
insert into charValue (profileId, charId, charVal, importance) values(11, 16, 2, 2);
insert into charValue (profileId, charId, charVal, importance) values(12, 16, 1, 5);
insert into charValue (profileId, charId, charVal, importance) values(13, 16, 4, 5);
insert into charValue (profileId, charId, charVal, importance) values(14, 16, 2, 0);
insert into charValue (profileId, charId, charVal, importance) values(15, 16, 2, 3);
insert into charValue (profileId, charId, charVal, importance) values(16, 16, 5, 3);
insert into charValue (profileId, charId, charVal, importance) values(17, 16, 3, 0);
insert into charValue (profileId, charId, charVal, importance) values(18, 16, 2, 4);
insert into charValue (profileId, charId, charVal, importance) values(19, 16, 7, 2);
insert into charValue (profileId, charId, charVal, importance) values(20, 16, 2, 0);
insert into charValue (profileId, charId, charVal, importance) values(21, 16, 2, 5);
insert into charValue (profileId, charId, charVal, importance) values(22, 16, 3, 6);
insert into charValue (profileId, charId, charVal, importance) values(23, 16, 2, 6);
insert into charValue (profileId, charId, charVal, importance) values(24, 16, 7, 4);
insert into charValue (profileId, charId, charVal, importance) values(25, 16, 2, 4);
insert into charValue (profileId, charId, charVal, importance) values(26, 16, 1, 2);
insert into charValue (profileId, charId, charVal, importance) values(27, 16, 1, 0);
insert into charValue (profileId, charId, charVal, importance) values(28, 16, 2, 3);
insert into charValue (profileId, charId, charVal, importance) values(29, 16, 2, 6);
insert into charValue (profileId, charId, charVal, importance) values(30, 16, 2, 6);
insert into charValue (profileId, charId, charVal, importance) values(31, 16, 2, 5);
insert into charValue (profileId, charId, charVal, importance) values(32, 16, 4, 7);
insert into charValue (profileId, charId, charVal, importance) values(33, 16, 2, 0);
insert into charValue (profileId, charId, charVal, importance) values(34, 16, 2, 7);
insert into charValue (profileId, charId, charVal, importance) values(35, 16, 2, 7);
insert into charValue (profileId, charId, charVal, importance) values(36, 16, 2, 5);
insert into charValue (profileId, charId, charVal, importance) values(37, 16, 1, 3);
insert into charValue (profileId, charId, charVal, importance) values(38, 16, 2, 7);
insert into charValue (profileId, charId, charVal, importance) values(39, 16, 2, 1);
insert into charValue (profileId, charId, charVal, importance) values(40, 16, 2, 5);
insert into charValue (profileId, charId, charVal, importance) values(41, 16, 2, 6);
insert into charValue (profileId, charId, charVal, importance) values(42, 16, 1, 4);
insert into charValue (profileId, charId, charVal, importance) values(43, 16, 2, 1);
insert into charValue (profileId, charId, charVal, importance) values(44, 16, 2, 0);
insert into charValue (profileId, charId, charVal, importance) values(45, 16, 2, 0);
insert into charValue (profileId, charId, charVal, importance) values(46, 16, 5, 3);
insert into charValue (profileId, charId, charVal, importance) values(47, 16, 3, 6);
insert into charValue (profileId, charId, charVal, importance) values(48, 16, 2, 2);
insert into charValue (profileId, charId, charVal, importance) values(49, 16, 2, 1);
insert into charValue (profileId, charId, charVal, importance) values(50, 16, 2, 0);

insert into charValue (profileId, charId, charVal, importance) values(1, 17, 1, 1);
insert into charValue (profileId, charId, charVal, importance) values(2, 17, 1, 4);
insert into charValue (profileId, charId, charVal, importance) values(3, 17, 2, 4);
insert into charValue (profileId, charId, charVal, importance) values(4, 17, 2, 6);
insert into charValue (profileId, charId, charVal, importance) values(5, 17, 2, 1);
insert into charValue (profileId, charId, charVal, importance) values(6, 17, 5, 1);
insert into charValue (profileId, charId, charVal, importance) values(7, 17, 1, 5);
insert into charValue (profileId, charId, charVal, importance) values(8, 17, 2, 5);
insert into charValue (profileId, charId, charVal, importance) values(9, 17, 2, 3);
insert into charValue (profileId, charId, charVal, importance) values(10, 17, 2, 2);
insert into charValue (profileId, charId, charVal, importance) values(11, 17, 1, 0);
insert into charValue (profileId, charId, charVal, importance) values(12, 17, 1, 3);
insert into charValue (profileId, charId, charVal, importance) values(13, 17, 4, 0);
insert into charValue (profileId, charId, charVal, importance) values(14, 17, 2, 2);
insert into charValue (profileId, charId, charVal, importance) values(15, 17, 2, 4);
insert into charValue (profileId, charId, charVal, importance) values(16, 17, 5, 0);
insert into charValue (profileId, charId, charVal, importance) values(17, 17, 3, 2);
insert into charValue (profileId, charId, charVal, importance) values(18, 17, 2, 0);
insert into charValue (profileId, charId, charVal, importance) values(19, 17, 7, 6);
insert into charValue (profileId, charId, charVal, importance) values(20, 17, 2, 6);
insert into charValue (profileId, charId, charVal, importance) values(21, 17, 1, 7);
insert into charValue (profileId, charId, charVal, importance) values(22, 17, 1, 2);
insert into charValue (profileId, charId, charVal, importance) values(23, 17, 7, 2);
insert into charValue (profileId, charId, charVal, importance) values(24, 17, 2, 2);
insert into charValue (profileId, charId, charVal, importance) values(25, 17, 2, 3);
insert into charValue (profileId, charId, charVal, importance) values(26, 17, 1, 3);
insert into charValue (profileId, charId, charVal, importance) values(27, 17, 1, 2);
insert into charValue (profileId, charId, charVal, importance) values(28, 17, 3, 6);
insert into charValue (profileId, charId, charVal, importance) values(29, 17, 3, 4);
insert into charValue (profileId, charId, charVal, importance) values(30, 17, 3, 0);
insert into charValue (profileId, charId, charVal, importance) values(31, 17, 1, 1);
insert into charValue (profileId, charId, charVal, importance) values(32, 17, 3, 3);
insert into charValue (profileId, charId, charVal, importance) values(33, 17, 2, 0);
insert into charValue (profileId, charId, charVal, importance) values(34, 17, 2, 0);
insert into charValue (profileId, charId, charVal, importance) values(35, 17, 2, 4);
insert into charValue (profileId, charId, charVal, importance) values(36, 17, 5, 4);
insert into charValue (profileId, charId, charVal, importance) values(37, 17, 1, 3);
insert into charValue (profileId, charId, charVal, importance) values(38, 17, 2, 7);
insert into charValue (profileId, charId, charVal, importance) values(39, 17, 2, 2);
insert into charValue (profileId, charId, charVal, importance) values(40, 17, 2, 1);
insert into charValue (profileId, charId, charVal, importance) values(41, 17, 1, 2);
insert into charValue (profileId, charId, charVal, importance) values(42, 17, 1, 3);
insert into charValue (profileId, charId, charVal, importance) values(43, 17, 2, 5);
insert into charValue (profileId, charId, charVal, importance) values(44, 17, 2, 1);
insert into charValue (profileId, charId, charVal, importance) values(45, 17, 2, 6);
insert into charValue (profileId, charId, charVal, importance) values(46, 17, 5, 2);
insert into charValue (profileId, charId, charVal, importance) values(47, 17, 3, 7);
insert into charValue (profileId, charId, charVal, importance) values(48, 17, 2, 4);
insert into charValue (profileId, charId, charVal, importance) values(49, 17, 2, 0);
insert into charValue (profileId, charId, charVal, importance) values(50, 17, 2, 7);

insert into charValue (profileId, charId, charVal, importance) values(1, 18, 2, 2);
insert into charValue (profileId, charId, charVal, importance) values(2, 18, 1, 4);
insert into charValue (profileId, charId, charVal, importance) values(3, 18, 1, 4);
insert into charValue (profileId, charId, charVal, importance) values(4, 18, 2, 1);
insert into charValue (profileId, charId, charVal, importance) values(5, 18, 2, 1);
insert into charValue (profileId, charId, charVal, importance) values(6, 18, 2, 7);
insert into charValue (profileId, charId, charVal, importance) values(7, 18, 5, 6);
insert into charValue (profileId, charId, charVal, importance) values(8, 18, 1, 4);
insert into charValue (profileId, charId, charVal, importance) values(9, 18, 2, 7);
insert into charValue (profileId, charId, charVal, importance) values(10, 18, 2, 4);
insert into charValue (profileId, charId, charVal, importance) values(11, 18, 2, 0);
insert into charValue (profileId, charId, charVal, importance) values(12, 18, 1, 7);
insert into charValue (profileId, charId, charVal, importance) values(13, 18, 4, 7);
insert into charValue (profileId, charId, charVal, importance) values(14, 18, 2, 7);
insert into charValue (profileId, charId, charVal, importance) values(15, 18, 2, 5);
insert into charValue (profileId, charId, charVal, importance) values(16, 18, 2, 7);
insert into charValue (profileId, charId, charVal, importance) values(17, 18, 5, 5);
insert into charValue (profileId, charId, charVal, importance) values(18, 18, 3, 3);
insert into charValue (profileId, charId, charVal, importance) values(19, 18, 7, 0);
insert into charValue (profileId, charId, charVal, importance) values(20, 18, 2, 1);
insert into charValue (profileId, charId, charVal, importance) values(21, 18, 2, 6);
insert into charValue (profileId, charId, charVal, importance) values(22, 18, 7, 5);
insert into charValue (profileId, charId, charVal, importance) values(23, 18, 1, 7);
insert into charValue (profileId, charId, charVal, importance) values(24, 18, 3, 5);
insert into charValue (profileId, charId, charVal, importance) values(25, 18, 2, 0);
insert into charValue (profileId, charId, charVal, importance) values(26, 18, 1, 4);
insert into charValue (profileId, charId, charVal, importance) values(27, 18, 5, 0);
insert into charValue (profileId, charId, charVal, importance) values(28, 18, 1, 7);
insert into charValue (profileId, charId, charVal, importance) values(29, 18, 2, 0);
insert into charValue (profileId, charId, charVal, importance) values(30, 18, 2, 7);
insert into charValue (profileId, charId, charVal, importance) values(31, 18, 2, 6);
insert into charValue (profileId, charId, charVal, importance) values(32, 18, 4, 6);
insert into charValue (profileId, charId, charVal, importance) values(33, 18, 1, 4);
insert into charValue (profileId, charId, charVal, importance) values(34, 18, 2, 6);
insert into charValue (profileId, charId, charVal, importance) values(35, 18, 2, 1);
insert into charValue (profileId, charId, charVal, importance) values(36, 18, 2, 0);
insert into charValue (profileId, charId, charVal, importance) values(37, 18, 5, 2);
insert into charValue (profileId, charId, charVal, importance) values(38, 18, 1, 6);
insert into charValue (profileId, charId, charVal, importance) values(39, 18, 2, 5);
insert into charValue (profileId, charId, charVal, importance) values(40, 18, 2, 6);
insert into charValue (profileId, charId, charVal, importance) values(41, 18, 2, 6);
insert into charValue (profileId, charId, charVal, importance) values(42, 18, 1, 3);
insert into charValue (profileId, charId, charVal, importance) values(43, 18, 1, 0);
insert into charValue (profileId, charId, charVal, importance) values(44, 18, 2, 2);
insert into charValue (profileId, charId, charVal, importance) values(45, 18, 2, 2);
insert into charValue (profileId, charId, charVal, importance) values(46, 18, 2, 2);
insert into charValue (profileId, charId, charVal, importance) values(47, 18, 5, 5);
insert into charValue (profileId, charId, charVal, importance) values(48, 18, 3, 5);
insert into charValue (profileId, charId, charVal, importance) values(49, 18, 2, 2);
insert into charValue (profileId, charId, charVal, importance) values(50, 18, 2, 2);

insert into charValue (profileId, charId, charVal, importance) values(1, 19, 7, 3);
insert into charValue (profileId, charId, charVal, importance) values(2, 19, 7, 6);
insert into charValue (profileId, charId, charVal, importance) values(3, 19, 7, 3);
insert into charValue (profileId, charId, charVal, importance) values(4, 19, 1, 6);
insert into charValue (profileId, charId, charVal, importance) values(5, 19, 7, 6);
insert into charValue (profileId, charId, charVal, importance) values(6, 19, 7, 7);
insert into charValue (profileId, charId, charVal, importance) values(7, 19, 7, 4);
insert into charValue (profileId, charId, charVal, importance) values(8, 19, 5, 1);
insert into charValue (profileId, charId, charVal, importance) values(9, 19, 1, 1);
insert into charValue (profileId, charId, charVal, importance) values(10, 19, 7, 3);
insert into charValue (profileId, charId, charVal, importance) values(11, 19, 7, 4);
insert into charValue (profileId, charId, charVal, importance) values(12, 19, 7, 7);
insert into charValue (profileId, charId, charVal, importance) values(13, 19, 4, 2);
insert into charValue (profileId, charId, charVal, importance) values(14, 19, 1, 2);
insert into charValue (profileId, charId, charVal, importance) values(15, 19, 7, 3);
insert into charValue (profileId, charId, charVal, importance) values(16, 19, 7, 4);
insert into charValue (profileId, charId, charVal, importance) values(17, 19, 7, 3);
insert into charValue (profileId, charId, charVal, importance) values(18, 19, 5, 3);
insert into charValue (profileId, charId, charVal, importance) values(19, 19, 7, 0);
insert into charValue (profileId, charId, charVal, importance) values(20, 19, 3, 1);
insert into charValue (profileId, charId, charVal, importance) values(21, 19, 7, 6);
insert into charValue (profileId, charId, charVal, importance) values(22, 19, 7, 0);
insert into charValue (profileId, charId, charVal, importance) values(23, 19, 7, 1);
insert into charValue (profileId, charId, charVal, importance) values(24, 19, 1, 0);
insert into charValue (profileId, charId, charVal, importance) values(25, 19, 3, 5);
insert into charValue (profileId, charId, charVal, importance) values(26, 19, 1, 2);
insert into charValue (profileId, charId, charVal, importance) values(27, 19, 7, 6);
insert into charValue (profileId, charId, charVal, importance) values(28, 19, 5, 5);
insert into charValue (profileId, charId, charVal, importance) values(29, 19, 1, 7);
insert into charValue (profileId, charId, charVal, importance) values(30, 19, 3, 5);
insert into charValue (profileId, charId, charVal, importance) values(31, 19, 7, 3);
insert into charValue (profileId, charId, charVal, importance) values(32, 19, 3, 5);
insert into charValue (profileId, charId, charVal, importance) values(33, 19, 2, 6);
insert into charValue (profileId, charId, charVal, importance) values(34, 19, 1, 0);
insert into charValue (profileId, charId, charVal, importance) values(35, 19, 7, 0);
insert into charValue (profileId, charId, charVal, importance) values(36, 19, 7, 1);
insert into charValue (profileId, charId, charVal, importance) values(37, 19, 7, 5);
insert into charValue (profileId, charId, charVal, importance) values(38, 19, 5, 2);
insert into charValue (profileId, charId, charVal, importance) values(39, 19, 1, 7);
insert into charValue (profileId, charId, charVal, importance) values(40, 19, 7, 2);
insert into charValue (profileId, charId, charVal, importance) values(41, 19, 7, 0);
insert into charValue (profileId, charId, charVal, importance) values(42, 19, 7, 3);
insert into charValue (profileId, charId, charVal, importance) values(43, 19, 7, 4);
insert into charValue (profileId, charId, charVal, importance) values(44, 19, 1, 3);
insert into charValue (profileId, charId, charVal, importance) values(45, 19, 7, 6);
insert into charValue (profileId, charId, charVal, importance) values(46, 19, 7, 1);
insert into charValue (profileId, charId, charVal, importance) values(47, 19, 7, 2);
insert into charValue (profileId, charId, charVal, importance) values(48, 19, 5, 4);
insert into charValue (profileId, charId, charVal, importance) values(49, 19, 1, 5);
insert into charValue (profileId, charId, charVal, importance) values(50, 19, 3, 5);

insert into charValue (profileId, charId, charVal, importance) values(1, 20, 7, 1);
insert into charValue (profileId, charId, charVal, importance) values(2, 20, 7, 3);
insert into charValue (profileId, charId, charVal, importance) values(3, 20, 7, 2);
insert into charValue (profileId, charId, charVal, importance) values(4, 20, 7, 7);
insert into charValue (profileId, charId, charVal, importance) values(5, 20, 7, 5);
insert into charValue (profileId, charId, charVal, importance) values(6, 20, 7, 1);
insert into charValue (profileId, charId, charVal, importance) values(7, 20, 7, 5);
insert into charValue (profileId, charId, charVal, importance) values(8, 20, 7, 1);
insert into charValue (profileId, charId, charVal, importance) values(9, 20, 7, 6);
insert into charValue (profileId, charId, charVal, importance) values(10, 20, 7, 3);
insert into charValue (profileId, charId, charVal, importance) values(11, 20, 7, 0);
insert into charValue (profileId, charId, charVal, importance) values(12, 20, 7, 3);
insert into charValue (profileId, charId, charVal, importance) values(13, 20, 4, 1);
insert into charValue (profileId, charId, charVal, importance) values(14, 20, 7, 0);
insert into charValue (profileId, charId, charVal, importance) values(15, 20, 1, 5);
insert into charValue (profileId, charId, charVal, importance) values(16, 20, 7, 7);
insert into charValue (profileId, charId, charVal, importance) values(17, 20, 7, 1);
insert into charValue (profileId, charId, charVal, importance) values(18, 20, 7, 5);
insert into charValue (profileId, charId, charVal, importance) values(19, 20, 7, 6);
insert into charValue (profileId, charId, charVal, importance) values(20, 20, 3, 1);
insert into charValue (profileId, charId, charVal, importance) values(21, 20, 7, 2);
insert into charValue (profileId, charId, charVal, importance) values(22, 20, 7, 1);
insert into charValue (profileId, charId, charVal, importance) values(23, 20, 7, 2);
insert into charValue (profileId, charId, charVal, importance) values(24, 20, 7, 7);
insert into charValue (profileId, charId, charVal, importance) values(25, 20, 7, 6);
insert into charValue (profileId, charId, charVal, importance) values(26, 20, 1, 2);
insert into charValue (profileId, charId, charVal, importance) values(27, 20, 7, 5);
insert into charValue (profileId, charId, charVal, importance) values(28, 20, 3, 0);
insert into charValue (profileId, charId, charVal, importance) values(29, 20, 3, 7);
insert into charValue (profileId, charId, charVal, importance) values(30, 20, 7, 1);
insert into charValue (profileId, charId, charVal, importance) values(31, 20, 7, 5);
insert into charValue (profileId, charId, charVal, importance) values(32, 20, 4, 1);
insert into charValue (profileId, charId, charVal, importance) values(33, 20, 7, 5);
insert into charValue (profileId, charId, charVal, importance) values(34, 20, 7, 7);
insert into charValue (profileId, charId, charVal, importance) values(35, 20, 7, 1);
insert into charValue (profileId, charId, charVal, importance) values(36, 20, 7, 4);
insert into charValue (profileId, charId, charVal, importance) values(37, 20, 7, 4);
insert into charValue (profileId, charId, charVal, importance) values(38, 20, 7, 5);
insert into charValue (profileId, charId, charVal, importance) values(39, 20, 7, 3);
insert into charValue (profileId, charId, charVal, importance) values(40, 20, 7, 5);
insert into charValue (profileId, charId, charVal, importance) values(41, 20, 7, 2);
insert into charValue (profileId, charId, charVal, importance) values(42, 20, 7, 7);
insert into charValue (profileId, charId, charVal, importance) values(43, 20, 7, 5);
insert into charValue (profileId, charId, charVal, importance) values(44, 20, 7, 7);
insert into charValue (profileId, charId, charVal, importance) values(45, 20, 7, 3);
insert into charValue (profileId, charId, charVal, importance) values(46, 20, 7, 2);
insert into charValue (profileId, charId, charVal, importance) values(47, 20, 7, 0);
insert into charValue (profileId, charId, charVal, importance) values(48, 20, 7, 6);
insert into charValue (profileId, charId, charVal, importance) values(49, 20, 7, 4);
insert into charValue (profileId, charId, charVal, importance) values(50, 20, 3, 0);

insert into charValue (profileId, charId, charVal, importance) values(1, 21, 7, 4);
insert into charValue (profileId, charId, charVal, importance) values(2, 21, 7, 6);
insert into charValue (profileId, charId, charVal, importance) values(3, 21, 1, 4);
insert into charValue (profileId, charId, charVal, importance) values(4, 21, 1, 2);
insert into charValue (profileId, charId, charVal, importance) values(5, 21, 7, 0);
insert into charValue (profileId, charId, charVal, importance) values(6, 21, 7, 6);
insert into charValue (profileId, charId, charVal, importance) values(7, 21, 7, 3);
insert into charValue (profileId, charId, charVal, importance) values(8, 21, 1, 7);
insert into charValue (profileId, charId, charVal, importance) values(9, 21, 1, 6);
insert into charValue (profileId, charId, charVal, importance) values(10, 21, 7, 3);
insert into charValue (profileId, charId, charVal, importance) values(11, 21, 7, 6);
insert into charValue (profileId, charId, charVal, importance) values(12, 21, 7, 0);
insert into charValue (profileId, charId, charVal, importance) values(13, 21, 4, 2);
insert into charValue (profileId, charId, charVal, importance) values(14, 21, 1, 6);
insert into charValue (profileId, charId, charVal, importance) values(15, 21, 7, 5);
insert into charValue (profileId, charId, charVal, importance) values(16, 21, 1, 6);
insert into charValue (profileId, charId, charVal, importance) values(17, 21, 1, 3);
insert into charValue (profileId, charId, charVal, importance) values(18, 21, 1, 6);
insert into charValue (profileId, charId, charVal, importance) values(19, 21, 7, 2);
insert into charValue (profileId, charId, charVal, importance) values(20, 21, 7, 4);
insert into charValue (profileId, charId, charVal, importance) values(21, 21, 3, 4);
insert into charValue (profileId, charId, charVal, importance) values(22, 21, 7, 6);
insert into charValue (profileId, charId, charVal, importance) values(23, 21, 1, 4);
insert into charValue (profileId, charId, charVal, importance) values(24, 21, 1, 2);
insert into charValue (profileId, charId, charVal, importance) values(25, 21, 7, 0);
insert into charValue (profileId, charId, charVal, importance) values(26, 21, 1, 3);
insert into charValue (profileId, charId, charVal, importance) values(27, 21, 3, 7);
insert into charValue (profileId, charId, charVal, importance) values(28, 21, 1, 4);
insert into charValue (profileId, charId, charVal, importance) values(29, 21, 1, 2);
insert into charValue (profileId, charId, charVal, importance) values(30, 21, 7, 4);
insert into charValue (profileId, charId, charVal, importance) values(31, 21, 2, 3);
insert into charValue (profileId, charId, charVal, importance) values(32, 21, 3, 5);
insert into charValue (profileId, charId, charVal, importance) values(33, 21, 1, 4);
insert into charValue (profileId, charId, charVal, importance) values(34, 21, 1, 0);
insert into charValue (profileId, charId, charVal, importance) values(35, 21, 7, 6);
insert into charValue (profileId, charId, charVal, importance) values(36, 21, 7, 0);
insert into charValue (profileId, charId, charVal, importance) values(37, 21, 7, 3);
insert into charValue (profileId, charId, charVal, importance) values(38, 21, 1, 4);
insert into charValue (profileId, charId, charVal, importance) values(39, 21, 1, 3);
insert into charValue (profileId, charId, charVal, importance) values(40, 21, 7, 1);
insert into charValue (profileId, charId, charVal, importance) values(41, 21, 7, 5);
insert into charValue (profileId, charId, charVal, importance) values(42, 21, 7, 7);
insert into charValue (profileId, charId, charVal, importance) values(43, 21, 1, 0);
insert into charValue (profileId, charId, charVal, importance) values(44, 21, 1, 2);
insert into charValue (profileId, charId, charVal, importance) values(45, 21, 7, 4);
insert into charValue (profileId, charId, charVal, importance) values(46, 21, 7, 4);
insert into charValue (profileId, charId, charVal, importance) values(47, 21, 7, 4);
insert into charValue (profileId, charId, charVal, importance) values(48, 21, 1, 3);
insert into charValue (profileId, charId, charVal, importance) values(49, 21, 1, 2);
insert into charValue (profileId, charId, charVal, importance) values(50, 21, 7, 7);

insert into charValue (profileId, charId, charVal, importance) values(1, 22, 1, 1);
insert into charValue (profileId, charId, charVal, importance) values(2, 22, 6, 5);
insert into charValue (profileId, charId, charVal, importance) values(3, 22, 6, 3);
insert into charValue (profileId, charId, charVal, importance) values(4, 22, 6, 7);
insert into charValue (profileId, charId, charVal, importance) values(5, 22, 6, 0);
insert into charValue (profileId, charId, charVal, importance) values(6, 22, 1, 0);
insert into charValue (profileId, charId, charVal, importance) values(7, 22, 5, 6);
insert into charValue (profileId, charId, charVal, importance) values(8, 22, 6, 0);
insert into charValue (profileId, charId, charVal, importance) values(9, 22, 6, 2);
insert into charValue (profileId, charId, charVal, importance) values(10, 22, 6, 6);
insert into charValue (profileId, charId, charVal, importance) values(11, 22, 1, 1);
insert into charValue (profileId, charId, charVal, importance) values(12, 22, 6, 1);
insert into charValue (profileId, charId, charVal, importance) values(13, 22, 4, 0);
insert into charValue (profileId, charId, charVal, importance) values(14, 22, 6, 5);
insert into charValue (profileId, charId, charVal, importance) values(15, 22, 6, 0);
insert into charValue (profileId, charId, charVal, importance) values(16, 22, 1, 3);
insert into charValue (profileId, charId, charVal, importance) values(17, 22, 5, 5);
insert into charValue (profileId, charId, charVal, importance) values(18, 22, 1, 2);
insert into charValue (profileId, charId, charVal, importance) values(19, 22, 7, 6);
insert into charValue (profileId, charId, charVal, importance) values(20, 22, 6, 6);
insert into charValue (profileId, charId, charVal, importance) values(21, 22, 1, 5);
insert into charValue (profileId, charId, charVal, importance) values(22, 22, 6, 1);
insert into charValue (profileId, charId, charVal, importance) values(23, 22, 6, 3);
insert into charValue (profileId, charId, charVal, importance) values(24, 22, 6, 2);
insert into charValue (profileId, charId, charVal, importance) values(25, 22, 6, 4);
insert into charValue (profileId, charId, charVal, importance) values(26, 22, 1, 1);
insert into charValue (profileId, charId, charVal, importance) values(27, 22, 5, 1);
insert into charValue (profileId, charId, charVal, importance) values(28, 22, 3, 0);
insert into charValue (profileId, charId, charVal, importance) values(29, 22, 6, 5);
insert into charValue (profileId, charId, charVal, importance) values(30, 22, 6, 5);
insert into charValue (profileId, charId, charVal, importance) values(31, 22, 2, 2);
insert into charValue (profileId, charId, charVal, importance) values(32, 22, 4, 2);
insert into charValue (profileId, charId, charVal, importance) values(33, 22, 6, 6);
insert into charValue (profileId, charId, charVal, importance) values(34, 22, 6, 3);
insert into charValue (profileId, charId, charVal, importance) values(35, 22, 6, 1);
insert into charValue (profileId, charId, charVal, importance) values(36, 22, 1, 6);
insert into charValue (profileId, charId, charVal, importance) values(37, 22, 5, 6);
insert into charValue (profileId, charId, charVal, importance) values(38, 22, 6, 2);
insert into charValue (profileId, charId, charVal, importance) values(39, 22, 6, 6);
insert into charValue (profileId, charId, charVal, importance) values(40, 22, 6, 2);
insert into charValue (profileId, charId, charVal, importance) values(41, 22, 1, 1);
insert into charValue (profileId, charId, charVal, importance) values(42, 22, 6, 0);
insert into charValue (profileId, charId, charVal, importance) values(43, 22, 6, 0);
insert into charValue (profileId, charId, charVal, importance) values(44, 22, 6, 5);
insert into charValue (profileId, charId, charVal, importance) values(45, 22, 6, 2);
insert into charValue (profileId, charId, charVal, importance) values(46, 22, 1, 0);
insert into charValue (profileId, charId, charVal, importance) values(47, 22, 5, 3);
insert into charValue (profileId, charId, charVal, importance) values(48, 22, 6, 7);
insert into charValue (profileId, charId, charVal, importance) values(49, 22, 6, 6);
insert into charValue (profileId, charId, charVal, importance) values(50, 22, 6, 1);

insert into charValue (profileId, charId, charVal, importance) values(1, 23, 1, 6);
insert into charValue (profileId, charId, charVal, importance) values(2, 23, 5, 4);
insert into charValue (profileId, charId, charVal, importance) values(3, 23, 5, 2);
insert into charValue (profileId, charId, charVal, importance) values(4, 23, 5, 0);
insert into charValue (profileId, charId, charVal, importance) values(5, 23, 5, 2);
insert into charValue (profileId, charId, charVal, importance) values(6, 23, 1, 3);
insert into charValue (profileId, charId, charVal, importance) values(7, 23, 5, 4);
insert into charValue (profileId, charId, charVal, importance) values(8, 23, 5, 4);
insert into charValue (profileId, charId, charVal, importance) values(9, 23, 5, 5);
insert into charValue (profileId, charId, charVal, importance) values(10, 23, 5, 3);
insert into charValue (profileId, charId, charVal, importance) values(11, 23, 1, 0);
insert into charValue (profileId, charId, charVal, importance) values(12, 23, 5, 7);
insert into charValue (profileId, charId, charVal, importance) values(13, 23, 4, 6);
insert into charValue (profileId, charId, charVal, importance) values(14, 23, 5, 3);
insert into charValue (profileId, charId, charVal, importance) values(15, 23, 5, 1);
insert into charValue (profileId, charId, charVal, importance) values(16, 23, 1, 6);
insert into charValue (profileId, charId, charVal, importance) values(17, 23, 5, 1);
insert into charValue (profileId, charId, charVal, importance) values(18, 23, 5, 1);
insert into charValue (profileId, charId, charVal, importance) values(19, 23, 7, 6);
insert into charValue (profileId, charId, charVal, importance) values(20, 23, 5, 1);
insert into charValue (profileId, charId, charVal, importance) values(21, 23, 1, 0);
insert into charValue (profileId, charId, charVal, importance) values(22, 23, 3, 0);
insert into charValue (profileId, charId, charVal, importance) values(23, 23, 5, 5);
insert into charValue (profileId, charId, charVal, importance) values(24, 23, 3, 7);
insert into charValue (profileId, charId, charVal, importance) values(25, 23, 3, 3);
insert into charValue (profileId, charId, charVal, importance) values(26, 23, 1, 4);
insert into charValue (profileId, charId, charVal, importance) values(27, 23, 5, 4);
insert into charValue (profileId, charId, charVal, importance) values(28, 23, 5, 5);
insert into charValue (profileId, charId, charVal, importance) values(29, 23, 3, 3);
insert into charValue (profileId, charId, charVal, importance) values(30, 23, 2, 0);
insert into charValue (profileId, charId, charVal, importance) values(31, 23, 1, 7);
insert into charValue (profileId, charId, charVal, importance) values(32, 23, 3, 1);
insert into charValue (profileId, charId, charVal, importance) values(33, 23, 5, 3);
insert into charValue (profileId, charId, charVal, importance) values(34, 23, 5, 0);
insert into charValue (profileId, charId, charVal, importance) values(35, 23, 5, 0);
insert into charValue (profileId, charId, charVal, importance) values(36, 23, 1, 2);
insert into charValue (profileId, charId, charVal, importance) values(37, 23, 5, 4);
insert into charValue (profileId, charId, charVal, importance) values(38, 23, 5, 2);
insert into charValue (profileId, charId, charVal, importance) values(39, 23, 5, 3);
insert into charValue (profileId, charId, charVal, importance) values(40, 23, 5, 2);
insert into charValue (profileId, charId, charVal, importance) values(41, 23, 1, 2);
insert into charValue (profileId, charId, charVal, importance) values(42, 23, 5, 7);
insert into charValue (profileId, charId, charVal, importance) values(43, 23, 5, 5);
insert into charValue (profileId, charId, charVal, importance) values(44, 23, 5, 7);
insert into charValue (profileId, charId, charVal, importance) values(45, 23, 5, 7);
insert into charValue (profileId, charId, charVal, importance) values(46, 23, 1, 7);
insert into charValue (profileId, charId, charVal, importance) values(47, 23, 5, 0);
insert into charValue (profileId, charId, charVal, importance) values(48, 23, 5, 3);
insert into charValue (profileId, charId, charVal, importance) values(49, 23, 5, 5);
insert into charValue (profileId, charId, charVal, importance) values(50, 23, 5, 3);

